key_id,tournament_id,tournament_name,match_id,match_name,stage_name,group_name,group_stage,knockout_stage,replayed,replay,match_date,match_time,stadium_id,stadium_name,city_name,country_name,home_team_id,home_team_name,home_team_code,away_team_id,away_team_name,away_team_code,score,home_team_score,away_team_score,home_team_score_margin,away_team_score_margin,extra_time,penalty_shootout,score_penalties,home_team_score_penalties,away_team_score_penalties,result,home_team_win,away_team_win,draw
1,WC-1930,1930 FIFA World Cup,M-1930-01,France v Mexico,group stage,Group 1,1,0,0,0,1930-07-13,15:00,S-185,Estadio Pocitos,Montevideo,Uruguay,T-28,France,FRA,T-44,Mexico,MEX,4–1,4,1,3,-3,0,0,0-0,0,0,home team win,1,0,0
2,WC-1930,1930 FIFA World Cup,M-1930-02,United States v Belgium,group stage,Group 4,1,0,0,0,1930-07-13,15:00,S-184,Estadio Gran Parque Central,Montevideo,Uruguay,T-79,United States,USA,T-06,Belgium,BEL,3–0,3,0,3,-3,0,0,0-0,0,0,home team win,1,0,0
3,WC-1930,1930 FIFA World Cup,M-1930-03,Yugoslavia v Brazil,group stage,Group 2,1,0,0,0,1930-07-14,12:45,S-184,Estadio Gran Parque Central,Montevideo,Uruguay,T-83,Yugoslavia,YUG,T-09,Brazil,BRA,2–1,2,1,1,-1,0,0,0-0,0,0,home team win,1,0,0
4,WC-1930,1930 FIFA World Cup,M-1930-04,Romania v Peru,group stage,Group 3,1,0,0,0,1930-07-14,14:50,S-185,Estadio Pocitos,Montevideo,Uruguay,T-58,Romania,ROU,T-54,Peru,PER,3–1,3,1,2,-2,0,0,0-0,0,0,home team win,1,0,0
5,WC-1930,1930 FIFA World Cup,M-1930-05,Argentina v France,group stage,Group 1,1,0,0,0,1930-07-15,16:00,S-184,Estadio Gran Parque Central,Montevideo,Uruguay,T-03,Argentina,ARG,T-28,France,FRA,1–0,1,0,1,-1,0,0,0-0,0,0,home team win,1,0,0
6,WC-1930,1930 FIFA World Cup,M-1930-06,Chile v Mexico,group stage,Group 1,1,0,0,0,1930-07-16,14:45,S-184,Estadio Gran Parque Central,Montevideo,Uruguay,T-13,Chile,CHL,T-44,Mexico,MEX,3–0,3,0,3,-3,0,0,0-0,0,0,home team win,1,0,0
7,WC-1930,1930 FIFA World Cup,M-1930-07,Yugoslavia v Bolivia,group stage,Group 2,1,0,0,0,1930-07-17,12:45,S-184,Estadio Gran Parque Central,Montevideo,Uruguay,T-83,Yugoslavia,YUG,T-07,Bolivia,BOL,4–0,4,0,4,-4,0,0,0-0,0,0,home team win,1,0,0
8,WC-1930,1930 FIFA World Cup,M-1930-08,United States v Paraguay,group stage,Group 4,1,0,0,0,1930-07-17,14:45,S-184,Estadio Gran Parque Central,Montevideo,Uruguay,T-79,United States,USA,T-53,Paraguay,PRY,3–0,3,0,3,-3,0,0,0-0,0,0,home team win,1,0,0
9,WC-1930,1930 FIFA World Cup,M-1930-09,Uruguay v Peru,group stage,Group 3,1,0,0,0,1930-07-18,14:30,S-183,Estadio Centenario,Montevideo,Uruguay,T-80,Uruguay,URY,T-54,Peru,PER,1–0,1,0,1,-1,0,0,0-0,0,0,home team win,1,0,0
10,WC-1930,1930 FIFA World Cup,M-1930-10,Chile v France,group stage,Group 1,1,0,0,0,1930-07-19,12:50,S-183,Estadio Centenario,Montevideo,Uruguay,T-13,Chile,CHL,T-28,France,FRA,1–0,1,0,1,-1,0,0,0-0,0,0,home team win,1,0,0
11,WC-1930,1930 FIFA World Cup,M-1930-11,Argentina v Mexico,group stage,Group 1,1,0,0,0,1930-07-19,15:00,S-183,Estadio Centenario,Montevideo,Uruguay,T-03,Argentina,ARG,T-44,Mexico,MEX,6–3,6,3,3,-3,0,0,0-0,0,0,home team win,1,0,0
12,WC-1930,1930 FIFA World Cup,M-1930-12,Brazil v Bolivia,group stage,Group 2,1,0,0,0,1930-07-20,13:00,S-183,Estadio Centenario,Montevideo,Uruguay,T-09,Brazil,BRA,T-07,Bolivia,BOL,4–0,4,0,4,-4,0,0,0-0,0,0,home team win,1,0,0
13,WC-1930,1930 FIFA World Cup,M-1930-13,Paraguay v Belgium,group stage,Group 4,1,0,0,0,1930-07-20,15:00,S-183,Estadio Centenario,Montevideo,Uruguay,T-53,Paraguay,PRY,T-06,Belgium,BEL,1–0,1,0,1,-1,0,0,0-0,0,0,home team win,1,0,0
14,WC-1930,1930 FIFA World Cup,M-1930-14,Uruguay v Romania,group stage,Group 3,1,0,0,0,1930-07-21,14:50,S-183,Estadio Centenario,Montevideo,Uruguay,T-80,Uruguay,URY,T-58,Romania,ROU,4–0,4,0,4,-4,0,0,0-0,0,0,home team win,1,0,0
15,WC-1930,1930 FIFA World Cup,M-1930-15,Argentina v Chile,group stage,Group 1,1,0,0,0,1930-07-22,14:45,S-183,Estadio Centenario,Montevideo,Uruguay,T-03,Argentina,ARG,T-13,Chile,CHL,3–1,3,1,2,-2,0,0,0-0,0,0,home team win,1,0,0
16,WC-1930,1930 FIFA World Cup,M-1930-16,Argentina v United States,semi-finals,not applicable,0,1,0,0,1930-07-26,14:45,S-183,Estadio Centenario,Montevideo,Uruguay,T-03,Argentina,ARG,T-79,United States,USA,6–1,6,1,5,-5,0,0,0-0,0,0,home team win,1,0,0
17,WC-1930,1930 FIFA World Cup,M-1930-17,Uruguay v Yugoslavia,semi-finals,not applicable,0,1,0,0,1930-07-27,14:45,S-183,Estadio Centenario,Montevideo,Uruguay,T-80,Uruguay,URY,T-83,Yugoslavia,YUG,6–1,6,1,5,-5,0,0,0-0,0,0,home team win,1,0,0
18,WC-1930,1930 FIFA World Cup,M-1930-18,Uruguay v Argentina,final,not applicable,0,1,0,0,1930-07-30,14:15,S-183,Estadio Centenario,Montevideo,Uruguay,T-80,Uruguay,URY,T-03,Argentina,ARG,4–2,4,2,2,-2,0,0,0-0,0,0,home team win,1,0,0
19,WC-1934,1934 FIFA World Cup,M-1934-01,Austria v France,round of 16,not applicable,0,1,0,0,1934-05-27,16:00,S-081,Stadio Benito Mussolini,Turin,Italy,T-05,Austria,AUT,T-28,France,FRA,3–2,3,2,1,-1,1,0,0-0,0,0,home team win,1,0,0
20,WC-1934,1934 FIFA World Cup,M-1934-02,Czechoslovakia v Romania,round of 16,not applicable,0,1,0,0,1934-05-27,16:00,S-080,Stadio Littorio,Trieste,Italy,T-20,Czechoslovakia,CSK,T-58,Romania,ROU,2–1,2,1,1,-1,0,0,0-0,0,0,home team win,1,0,0
21,WC-1934,1934 FIFA World Cup,M-1934-03,Germany v Belgium,round of 16,not applicable,0,1,0,0,1934-05-27,16:00,S-072,Stadio Giovanni Berta,Florence,Italy,T-29,Germany,DEU,T-06,Belgium,BEL,5–2,5,2,3,-3,0,0,0-0,0,0,home team win,1,0,0
22,WC-1934,1934 FIFA World Cup,M-1934-04,Hungary v Egypt,round of 16,not applicable,0,1,0,0,1934-05-27,16:00,S-075,Stadio Giorgio Ascarelli,Naples,Italy,T-34,Hungary,HUN,T-25,Egypt,EGY,4–2,4,2,2,-2,0,0,0-0,0,0,home team win,1,0,0
23,WC-1934,1934 FIFA World Cup,M-1934-05,Italy v United States,round of 16,not applicable,0,1,0,0,1934-05-27,16:00,S-078,Stadio Nazionale PNF,Rome,Italy,T-39,Italy,ITA,T-79,United States,USA,7–1,7,1,6,-6,0,0,0-0,0,0,home team win,1,0,0
24,WC-1934,1934 FIFA World Cup,M-1934-06,Spain v Brazil,round of 16,not applicable,0,1,0,0,1934-05-27,16:00,S-073,Stadio Luigi Ferraris,Genoa,Italy,T-70,Spain,ESP,T-09,Brazil,BRA,3–1,3,1,2,-2,0,0,0-0,0,0,home team win,1,0,0
25,WC-1934,1934 FIFA World Cup,M-1934-07,Sweden v Argentina,round of 16,not applicable,0,1,0,0,1934-05-27,16:00,S-069,Stadio Renato Dall'Ara,Bologna,Italy,T-71,Sweden,SWE,T-03,Argentina,ARG,3–2,3,2,1,-1,0,0,0-0,0,0,home team win,1,0,0
26,WC-1934,1934 FIFA World Cup,M-1934-08,Switzerland v Netherlands,round of 16,not applicable,0,1,0,0,1934-05-27,16:00,S-074,San Siro,Milan,Italy,T-72,Switzerland,CHE,T-46,Netherlands,NLD,3–2,3,2,1,-1,0,0,0-0,0,0,home team win,1,0,0
27,WC-1934,1934 FIFA World Cup,M-1934-09,Austria v Hungary,quarter-finals,not applicable,0,1,0,0,1934-05-31,16:30,S-069,Stadio Renato Dall'Ara,Bologna,Italy,T-05,Austria,AUT,T-34,Hungary,HUN,2–1,2,1,1,-1,0,0,0-0,0,0,home team win,1,0,0
28,WC-1934,1934 FIFA World Cup,M-1934-10,Czechoslovakia v Switzerland,quarter-finals,not applicable,0,1,0,0,1934-05-31,16:30,S-081,Stadio Benito Mussolini,Turin,Italy,T-20,Czechoslovakia,CSK,T-72,Switzerland,CHE,3–2,3,2,1,-1,0,0,0-0,0,0,home team win,1,0,0
29,WC-1934,1934 FIFA World Cup,M-1934-11,Germany v Sweden,quarter-finals,not applicable,0,1,0,0,1934-05-31,16:30,S-074,San Siro,Milan,Italy,T-29,Germany,DEU,T-71,Sweden,SWE,2–1,2,1,1,-1,0,0,0-0,0,0,home team win,1,0,0
30,WC-1934,1934 FIFA World Cup,M-1934-12,Italy v Spain,quarter-finals,not applicable,0,1,1,0,1934-05-31,16:30,S-072,Stadio Giovanni Berta,Florence,Italy,T-39,Italy,ITA,T-70,Spain,ESP,1–1,1,1,0,0,1,0,0-0,0,0,draw,0,0,1
31,WC-1934,1934 FIFA World Cup,M-1934-13,Italy v Spain,quarter-finals,not applicable,0,1,0,1,1934-06-01,16:30,S-072,Stadio Giovanni Berta,Florence,Italy,T-39,Italy,ITA,T-70,Spain,ESP,1–0,1,0,1,-1,0,0,0-0,0,0,home team win,1,0,0
32,WC-1934,1934 FIFA World Cup,M-1934-14,Czechoslovakia v Germany,semi-finals,not applicable,0,1,0,0,1934-06-03,16:30,S-078,Stadio Nazionale PNF,Rome,Italy,T-20,Czechoslovakia,CSK,T-29,Germany,DEU,3–1,3,1,2,-2,0,0,0-0,0,0,home team win,1,0,0
33,WC-1934,1934 FIFA World Cup,M-1934-15,Italy v Austria,semi-finals,not applicable,0,1,0,0,1934-06-03,16:30,S-074,San Siro,Milan,Italy,T-39,Italy,ITA,T-05,Austria,AUT,1–0,1,0,1,-1,0,0,0-0,0,0,home team win,1,0,0
34,WC-1934,1934 FIFA World Cup,M-1934-16,Germany v Austria,third-place match,not applicable,0,1,0,0,1934-06-07,18:00,S-075,Stadio Giorgio Ascarelli,Naples,Italy,T-29,Germany,DEU,T-05,Austria,AUT,3–2,3,2,1,-1,0,0,0-0,0,0,home team win,1,0,0
35,WC-1934,1934 FIFA World Cup,M-1934-17,Italy v Czechoslovakia,final,not applicable,0,1,0,0,1934-06-10,17:00,S-078,Stadio Nazionale PNF,Rome,Italy,T-39,Italy,ITA,T-20,Czechoslovakia,CSK,2–1,2,1,1,-1,1,0,0-0,0,0,home team win,1,0,0
36,WC-1938,1938 FIFA World Cup,M-1938-01,Switzerland v Germany,round of 16,not applicable,0,1,1,0,1938-06-04,17:00,S-045,Parc des Princes,Paris,France,T-72,Switzerland,CHE,T-29,Germany,DEU,1–1,1,1,0,0,1,0,0-0,0,0,draw,0,0,1
37,WC-1938,1938 FIFA World Cup,M-1938-02,Cuba v Romania,round of 16,not applicable,0,1,1,0,1938-06-05,17:00,S-052,Stade du T.O.E.C.,Toulouse,France,T-18,Cuba,CUB,T-58,Romania,ROU,3–3,3,3,0,0,1,0,0-0,0,0,draw,0,0,1
38,WC-1938,1938 FIFA World Cup,M-1938-03,France v Belgium,round of 16,not applicable,0,1,0,0,1938-06-05,17:00,S-046,Stade Olympique de Colombes,Paris,France,T-28,France,FRA,T-06,Belgium,BEL,3–1,3,1,2,-2,0,0,0-0,0,0,home team win,1,0,0
39,WC-1938,1938 FIFA World Cup,M-1938-04,Hungary v Dutch East Indies,round of 16,not applicable,0,1,0,0,1938-06-05,17:00,S-047,Vélodrome Municipal,Reims,France,T-34,Hungary,HUN,T-22,Dutch East Indies,IDN,6–0,6,0,6,-6,0,0,0-0,0,0,home team win,1,0,0
40,WC-1938,1938 FIFA World Cup,M-1938-05,Italy v Norway,round of 16,not applicable,0,1,0,0,1938-06-05,17:00,S-042,Stade Vélodrome,Marseille,France,T-39,Italy,ITA,T-51,Norway,NOR,2–1,2,1,1,-1,1,0,0-0,0,0,home team win,1,0,0
41,WC-1938,1938 FIFA World Cup,M-1938-06,Brazil v Poland,round of 16,not applicable,0,1,0,0,1938-06-05,17:30,S-050,Stade de la Meinau,Strasbourg,France,T-09,Brazil,BRA,T-55,Poland,POL,6–5,6,5,1,-1,1,0,0-0,0,0,home team win,1,0,0
42,WC-1938,1938 FIFA World Cup,M-1938-07,Czechoslovakia v Netherlands,round of 16,not applicable,0,1,0,0,1938-06-05,18:30,S-038,Stade Jules Deschaseaux,Le Havre,France,T-20,Czechoslovakia,CSK,T-46,Netherlands,NLD,3–0,3,0,3,-3,1,0,0-0,0,0,home team win,1,0,0
43,WC-1938,1938 FIFA World Cup,M-1938-08,Cuba v Romania,round of 16,not applicable,0,1,0,1,1938-06-09,18:00,S-052,Stade du T.O.E.C.,Toulouse,France,T-18,Cuba,CUB,T-58,Romania,ROU,2–1,2,1,1,-1,0,0,0-0,0,0,home team win,1,0,0
44,WC-1938,1938 FIFA World Cup,M-1938-09,Switzerland v Germany,round of 16,not applicable,0,1,0,1,1938-06-09,18:00,S-045,Parc des Princes,Paris,France,T-72,Switzerland,CHE,T-29,Germany,DEU,4–2,4,2,2,-2,0,0,0-0,0,0,home team win,1,0,0
45,WC-1938,1938 FIFA World Cup,M-1938-10,Brazil v Czechoslovakia,quarter-finals,not applicable,0,1,1,0,1938-06-12,17:00,S-037,Stade du Parc Lescure,Bordeaux,France,T-09,Brazil,BRA,T-20,Czechoslovakia,CSK,1–1,1,1,0,0,1,0,0-0,0,0,draw,0,0,1
46,WC-1938,1938 FIFA World Cup,M-1938-11,Hungary v Switzerland,quarter-finals,not applicable,0,1,0,0,1938-06-12,17:00,S-040,Stade Victor Boucquey,Lille,France,T-34,Hungary,HUN,T-72,Switzerland,CHE,2–0,2,0,2,-2,0,0,0-0,0,0,home team win,1,0,0
47,WC-1938,1938 FIFA World Cup,M-1938-12,Italy v France,quarter-finals,not applicable,0,1,0,0,1938-06-12,17:00,S-046,Stade Olympique de Colombes,Paris,France,T-39,Italy,ITA,T-28,France,FRA,3–1,3,1,2,-2,0,0,0-0,0,0,home team win,1,0,0
48,WC-1938,1938 FIFA World Cup,M-1938-13,Sweden v Cuba,quarter-finals,not applicable,0,1,0,0,1938-06-12,17:00,S-036,Stade du Fort Carré,Antibes,France,T-71,Sweden,SWE,T-18,Cuba,CUB,8–0,8,0,8,-8,0,0,0-0,0,0,home team win,1,0,0
49,WC-1938,1938 FIFA World Cup,M-1938-14,Brazil v Czechoslovakia,quarter-finals,not applicable,0,1,0,1,1938-06-14,18:00,S-037,Stade du Parc Lescure,Bordeaux,France,T-09,Brazil,BRA,T-20,Czechoslovakia,CSK,2–1,2,1,1,-1,0,0,0-0,0,0,home team win,1,0,0
50,WC-1938,1938 FIFA World Cup,M-1938-15,Hungary v Sweden,semi-finals,not applicable,0,1,0,0,1938-06-16,18:00,S-045,Parc des Princes,Paris,France,T-34,Hungary,HUN,T-71,Sweden,SWE,5–1,5,1,4,-4,0,0,0-0,0,0,home team win,1,0,0
51,WC-1938,1938 FIFA World Cup,M-1938-16,Italy v Brazil,semi-finals,not applicable,0,1,0,0,1938-06-16,18:00,S-042,Stade Vélodrome,Marseille,France,T-39,Italy,ITA,T-09,Brazil,BRA,2–1,2,1,1,-1,0,0,0-0,0,0,home team win,1,0,0
52,WC-1938,1938 FIFA World Cup,M-1938-17,Brazil v Sweden,third-place match,not applicable,0,1,0,0,1938-06-19,17:00,S-037,Stade du Parc Lescure,Bordeaux,France,T-09,Brazil,BRA,T-71,Sweden,SWE,4–2,4,2,2,-2,0,0,0-0,0,0,home team win,1,0,0
53,WC-1938,1938 FIFA World Cup,M-1938-18,Italy v Hungary,final,not applicable,0,1,0,0,1938-06-19,17:00,S-046,Stade Olympique de Colombes,Paris,France,T-39,Italy,ITA,T-34,Hungary,HUN,4–2,4,2,2,-2,0,0,0-0,0,0,home team win,1,0,0
54,WC-1950,1950 FIFA World Cup,M-1950-01,Brazil v Mexico,group stage,Group 1,1,0,0,0,1950-06-24,15:00,S-020,Estádio do Maracanã,Rio de Janeiro,Brazil,T-09,Brazil,BRA,T-44,Mexico,MEX,4–0,4,0,4,-4,0,0,0-0,0,0,home team win,1,0,0
55,WC-1950,1950 FIFA World Cup,M-1950-02,Yugoslavia v Switzerland,group stage,Group 1,1,0,0,0,1950-06-25,15:00,S-007,Estádio Independência,Belo Horizonte,Brazil,T-83,Yugoslavia,YUG,T-72,Switzerland,CHE,3–0,3,0,3,-3,0,0,0-0,0,0,home team win,1,0,0
56,WC-1950,1950 FIFA World Cup,M-1950-03,England v Chile,group stage,Group 2,1,0,0,0,1950-06-25,15:00,S-020,Estádio do Maracanã,Rio de Janeiro,Brazil,T-27,England,ENG,T-13,Chile,CHL,2–0,2,0,2,-2,0,0,0-0,0,0,home team win,1,0,0
57,WC-1950,1950 FIFA World Cup,M-1950-04,Spain v United States,group stage,Group 2,1,0,0,0,1950-06-25,15:00,S-012,Estádio Vila Capanema,Curitiba,Brazil,T-70,Spain,ESP,T-79,United States,USA,3–1,3,1,2,-2,0,0,0-0,0,0,home team win,1,0,0
58,WC-1950,1950 FIFA World Cup,M-1950-05,Sweden v Italy,group stage,Group 3,1,0,0,0,1950-06-25,15:00,S-023,Estádio do Pacaembu,São Paulo,Brazil,T-71,Sweden,SWE,T-39,Italy,ITA,3–2,3,2,1,-1,0,0,0-0,0,0,home team win,1,0,0
59,WC-1950,1950 FIFA World Cup,M-1950-06,Brazil v Switzerland,group stage,Group 1,1,0,0,0,1950-06-28,15:00,S-023,Estádio do Pacaembu,São Paulo,Brazil,T-09,Brazil,BRA,T-72,Switzerland,CHE,2–2,2,2,0,0,0,0,0-0,0,0,draw,0,0,1
60,WC-1950,1950 FIFA World Cup,M-1950-07,Yugoslavia v Mexico,group stage,Group 1,1,0,0,0,1950-06-28,15:00,S-017,Estádio dos Eucaliptos,Porto Alegre,Brazil,T-83,Yugoslavia,YUG,T-44,Mexico,MEX,4–1,4,1,3,-3,0,0,0-0,0,0,home team win,1,0,0
61,WC-1950,1950 FIFA World Cup,M-1950-08,Spain v Chile,group stage,Group 2,1,0,0,0,1950-06-29,15:00,S-020,Estádio do Maracanã,Rio de Janeiro,Brazil,T-70,Spain,ESP,T-13,Chile,CHL,2–0,2,0,2,-2,0,0,0-0,0,0,home team win,1,0,0
62,WC-1950,1950 FIFA World Cup,M-1950-09,United States v England,group stage,Group 2,1,0,0,0,1950-06-29,15:00,S-007,Estádio Independência,Belo Horizonte,Brazil,T-79,United States,USA,T-27,England,ENG,1–0,1,0,1,-1,0,0,0-0,0,0,home team win,1,0,0
63,WC-1950,1950 FIFA World Cup,M-1950-10,Sweden v Paraguay,group stage,Group 3,1,0,0,0,1950-06-29,15:30,S-012,Estádio Vila Capanema,Curitiba,Brazil,T-71,Sweden,SWE,T-53,Paraguay,PRY,2–2,2,2,0,0,0,0,0-0,0,0,draw,0,0,1
64,WC-1950,1950 FIFA World Cup,M-1950-11,Brazil v Yugoslavia,group stage,Group 1,1,0,0,0,1950-07-01,15:00,S-020,Estádio do Maracanã,Rio de Janeiro,Brazil,T-09,Brazil,BRA,T-83,Yugoslavia,YUG,2–0,2,0,2,-2,0,0,0-0,0,0,home team win,1,0,0
65,WC-1950,1950 FIFA World Cup,M-1950-12,Chile v United States,group stage,Group 2,1,0,0,0,1950-07-02,15:00,S-019,Estádio Ilha do Retiro,Recife,Brazil,T-13,Chile,CHL,T-79,United States,USA,5–2,5,2,3,-3,0,0,0-0,0,0,home team win,1,0,0
66,WC-1950,1950 FIFA World Cup,M-1950-13,Spain v England,group stage,Group 2,1,0,0,0,1950-07-02,15:00,S-020,Estádio do Maracanã,Rio de Janeiro,Brazil,T-70,Spain,ESP,T-27,England,ENG,1–0,1,0,1,-1,0,0,0-0,0,0,home team win,1,0,0
67,WC-1950,1950 FIFA World Cup,M-1950-14,Italy v Paraguay,group stage,Group 3,1,0,0,0,1950-07-02,15:00,S-023,Estádio do Pacaembu,São Paulo,Brazil,T-39,Italy,ITA,T-53,Paraguay,PRY,2–0,2,0,2,-2,0,0,0-0,0,0,home team win,1,0,0
68,WC-1950,1950 FIFA World Cup,M-1950-15,Uruguay v Bolivia,group stage,Group 4,1,0,0,0,1950-07-02,15:00,S-007,Estádio Independência,Belo Horizonte,Brazil,T-80,Uruguay,URY,T-07,Bolivia,BOL,8–0,8,0,8,-8,0,0,0-0,0,0,home team win,1,0,0
69,WC-1950,1950 FIFA World Cup,M-1950-16,Switzerland v Mexico,group stage,Group 1,1,0,0,0,1950-07-02,15:40,S-017,Estádio dos Eucaliptos,Porto Alegre,Brazil,T-72,Switzerland,CHE,T-44,Mexico,MEX,2–1,2,1,1,-1,0,0,0-0,0,0,home team win,1,0,0
70,WC-1950,1950 FIFA World Cup,M-1950-17,Brazil v Sweden,final round,not applicable,1,0,0,0,1950-07-09,15:00,S-020,Estádio do Maracanã,Rio de Janeiro,Brazil,T-09,Brazil,BRA,T-71,Sweden,SWE,7–1,7,1,6,-6,0,0,0-0,0,0,home team win,1,0,0
71,WC-1950,1950 FIFA World Cup,M-1950-18,Uruguay v Spain,final round,not applicable,1,0,0,0,1950-07-09,15:00,S-023,Estádio do Pacaembu,São Paulo,Brazil,T-80,Uruguay,URY,T-70,Spain,ESP,2–2,2,2,0,0,0,0,0-0,0,0,draw,0,0,1
72,WC-1950,1950 FIFA World Cup,M-1950-19,Brazil v Spain,final round,not applicable,1,0,0,0,1950-07-13,15:00,S-020,Estádio do Maracanã,Rio de Janeiro,Brazil,T-09,Brazil,BRA,T-70,Spain,ESP,6–1,6,1,5,-5,0,0,0-0,0,0,home team win,1,0,0
73,WC-1950,1950 FIFA World Cup,M-1950-20,Uruguay v Sweden,final round,not applicable,1,0,0,0,1950-07-13,15:00,S-023,Estádio do Pacaembu,São Paulo,Brazil,T-80,Uruguay,URY,T-71,Sweden,SWE,3–2,3,2,1,-1,0,0,0-0,0,0,home team win,1,0,0
74,WC-1950,1950 FIFA World Cup,M-1950-21,Sweden v Spain,final round,not applicable,1,0,0,0,1950-07-16,15:00,S-023,Estádio do Pacaembu,São Paulo,Brazil,T-71,Sweden,SWE,T-70,Spain,ESP,3–1,3,1,2,-2,0,0,0-0,0,0,home team win,1,0,0
75,WC-1950,1950 FIFA World Cup,M-1950-22,Uruguay v Brazil,final round,not applicable,1,0,0,0,1950-07-16,15:00,S-020,Estádio do Maracanã,Rio de Janeiro,Brazil,T-80,Uruguay,URY,T-09,Brazil,BRA,2–1,2,1,1,-1,0,0,0-0,0,0,home team win,1,0,0
76,WC-1954,1954 FIFA World Cup,M-1954-01,Brazil v Mexico,group stage,Group 1,1,0,0,0,1954-06-16,18:00,S-170,Charmilles Stadium,Geneva,Switzerland,T-09,Brazil,BRA,T-44,Mexico,MEX,5–0,5,0,5,-5,0,0,0-0,0,0,home team win,1,0,0
77,WC-1954,1954 FIFA World Cup,M-1954-02,Yugoslavia v France,group stage,Group 1,1,0,0,0,1954-06-16,18:00,S-171,Stade Olympique de la Pontaise,Lausanne,Switzerland,T-83,Yugoslavia,YUG,T-28,France,FRA,1–0,1,0,1,-1,0,0,0-0,0,0,home team win,1,0,0
78,WC-1954,1954 FIFA World Cup,M-1954-03,Austria v Scotland,group stage,Group 3,1,0,0,0,1954-06-16,18:00,S-173,Hardturm Stadium,Zürich,Switzerland,T-05,Austria,AUT,T-61,Scotland,SCO,1–0,1,0,1,-1,0,0,0-0,0,0,home team win,1,0,0
79,WC-1954,1954 FIFA World Cup,M-1954-04,Uruguay v Czechoslovakia,group stage,Group 3,1,0,0,0,1954-06-16,18:00,S-169,Wankdorf Stadium,Bern,Switzerland,T-80,Uruguay,URY,T-20,Czechoslovakia,CSK,2–0,2,0,2,-2,0,0,0-0,0,0,home team win,1,0,0
80,WC-1954,1954 FIFA World Cup,M-1954-05,Switzerland v Italy,group stage,Group 4,1,0,0,0,1954-06-17,17:50,S-171,Stade Olympique de la Pontaise,Lausanne,Switzerland,T-72,Switzerland,CHE,T-39,Italy,ITA,2–1,2,1,1,-1,0,0,0-0,0,0,home team win,1,0,0
81,WC-1954,1954 FIFA World Cup,M-1954-06,Hungary v South Korea,group stage,Group 2,1,0,0,0,1954-06-17,18:00,S-173,Hardturm Stadium,Zürich,Switzerland,T-34,Hungary,HUN,T-68,South Korea,KOR,9–0,9,0,9,-9,0,0,0-0,0,0,home team win,1,0,0
82,WC-1954,1954 FIFA World Cup,M-1954-07,West Germany v Turkey,group stage,Group 2,1,0,0,0,1954-06-17,18:00,S-169,Wankdorf Stadium,Bern,Switzerland,T-82,West Germany,DEU,T-76,Turkey,TUR,4–1,4,1,3,-3,0,0,0-0,0,0,home team win,1,0,0
83,WC-1954,1954 FIFA World Cup,M-1954-08,England v Belgium,group stage,Group 4,1,0,0,0,1954-06-17,18:10,S-168,St. Jakob Stadium,Basel,Switzerland,T-27,England,ENG,T-06,Belgium,BEL,4–4,4,4,0,0,1,0,0-0,0,0,draw,0,0,1
84,WC-1954,1954 FIFA World Cup,M-1954-09,Uruguay v Scotland,group stage,Group 3,1,0,0,0,1954-06-19,16:50,S-168,St. Jakob Stadium,Basel,Switzerland,T-80,Uruguay,URY,T-61,Scotland,SCO,7–0,7,0,7,-7,0,0,0-0,0,0,home team win,1,0,0
85,WC-1954,1954 FIFA World Cup,M-1954-10,Brazil v Yugoslavia,group stage,Group 1,1,0,0,0,1954-06-19,17:00,S-171,Stade Olympique de la Pontaise,Lausanne,Switzerland,T-09,Brazil,BRA,T-83,Yugoslavia,YUG,1–1,1,1,0,0,1,0,0-0,0,0,draw,0,0,1
86,WC-1954,1954 FIFA World Cup,M-1954-11,Austria v Czechoslovakia,group stage,Group 3,1,0,0,0,1954-06-19,17:00,S-173,Hardturm Stadium,Zürich,Switzerland,T-05,Austria,AUT,T-20,Czechoslovakia,CSK,5–0,5,0,5,-5,0,0,0-0,0,0,home team win,1,0,0
87,WC-1954,1954 FIFA World Cup,M-1954-12,France v Mexico,group stage,Group 1,1,0,0,0,1954-06-19,17:10,S-170,Charmilles Stadium,Geneva,Switzerland,T-28,France,FRA,T-44,Mexico,MEX,3–2,3,2,1,-1,0,0,0-0,0,0,home team win,1,0,0
88,WC-1954,1954 FIFA World Cup,M-1954-13,Hungary v West Germany,group stage,Group 2,1,0,0,0,1954-06-20,16:50,S-168,St. Jakob Stadium,Basel,Switzerland,T-34,Hungary,HUN,T-82,West Germany,DEU,8–3,8,3,5,-5,0,0,0-0,0,0,home team win,1,0,0
89,WC-1954,1954 FIFA World Cup,M-1954-14,Turkey v South Korea,group stage,Group 2,1,0,0,0,1954-06-20,17:00,S-170,Charmilles Stadium,Geneva,Switzerland,T-76,Turkey,TUR,T-68,South Korea,KOR,7–0,7,0,7,-7,0,0,0-0,0,0,home team win,1,0,0
90,WC-1954,1954 FIFA World Cup,M-1954-15,Italy v Belgium,group stage,Group 4,1,0,0,0,1954-06-20,17:00,S-172,Cornaredo Stadium,Lugano,Switzerland,T-39,Italy,ITA,T-06,Belgium,BEL,4–1,4,1,3,-3,0,0,0-0,0,0,home team win,1,0,0
91,WC-1954,1954 FIFA World Cup,M-1954-16,England v Switzerland,group stage,Group 4,1,0,0,0,1954-06-20,17:10,S-169,Wankdorf Stadium,Bern,Switzerland,T-27,England,ENG,T-72,Switzerland,CHE,2–0,2,0,2,-2,0,0,0-0,0,0,home team win,1,0,0
92,WC-1954,1954 FIFA World Cup,M-1954-17,West Germany v Turkey,group stage,Group 2,1,0,0,0,1954-06-23,18:00,S-173,Hardturm Stadium,Zürich,Switzerland,T-82,West Germany,DEU,T-76,Turkey,TUR,7–2,7,2,5,-5,0,0,0-0,0,0,home team win,1,0,0
93,WC-1954,1954 FIFA World Cup,M-1954-18,Switzerland v Italy,group stage,Group 4,1,0,0,0,1954-06-23,18:00,S-168,St. Jakob Stadium,Basel,Switzerland,T-72,Switzerland,CHE,T-39,Italy,ITA,4–1,4,1,3,-3,0,0,0-0,0,0,home team win,1,0,0
94,WC-1954,1954 FIFA World Cup,M-1954-19,Austria v Switzerland,quarter-finals,not applicable,0,1,0,0,1954-06-26,17:00,S-171,Stade Olympique de la Pontaise,Lausanne,Switzerland,T-05,Austria,AUT,T-72,Switzerland,CHE,7–5,7,5,2,-2,0,0,0-0,0,0,home team win,1,0,0
95,WC-1954,1954 FIFA World Cup,M-1954-20,Uruguay v England,quarter-finals,not applicable,0,1,0,0,1954-06-26,17:00,S-168,St. Jakob Stadium,Basel,Switzerland,T-80,Uruguay,URY,T-27,England,ENG,4–2,4,2,2,-2,0,0,0-0,0,0,home team win,1,0,0
96,WC-1954,1954 FIFA World Cup,M-1954-21,Hungary v Brazil,quarter-finals,not applicable,0,1,0,0,1954-06-27,17:00,S-169,Wankdorf Stadium,Bern,Switzerland,T-34,Hungary,HUN,T-09,Brazil,BRA,4–2,4,2,2,-2,0,0,0-0,0,0,home team win,1,0,0
97,WC-1954,1954 FIFA World Cup,M-1954-22,West Germany v Yugoslavia,quarter-finals,not applicable,0,1,0,0,1954-06-27,17:00,S-170,Charmilles Stadium,Geneva,Switzerland,T-82,West Germany,DEU,T-83,Yugoslavia,YUG,2–0,2,0,2,-2,0,0,0-0,0,0,home team win,1,0,0
98,WC-1954,1954 FIFA World Cup,M-1954-23,Hungary v Uruguay,semi-finals,not applicable,0,1,0,0,1954-06-30,18:00,S-171,Stade Olympique de la Pontaise,Lausanne,Switzerland,T-34,Hungary,HUN,T-80,Uruguay,URY,4–2,4,2,2,-2,1,0,0-0,0,0,home team win,1,0,0
99,WC-1954,1954 FIFA World Cup,M-1954-24,West Germany v Austria,semi-finals,not applicable,0,1,0,0,1954-06-30,18:00,S-168,St. Jakob Stadium,Basel,Switzerland,T-82,West Germany,DEU,T-05,Austria,AUT,6–1,6,1,5,-5,0,0,0-0,0,0,home team win,1,0,0
100,WC-1954,1954 FIFA World Cup,M-1954-25,Austria v Uruguay,third-place match,not applicable,0,1,0,0,1954-07-03,17:00,S-173,Hardturm Stadium,Zürich,Switzerland,T-05,Austria,AUT,T-80,Uruguay,URY,3–1,3,1,2,-2,0,0,0-0,0,0,home team win,1,0,0
101,WC-1954,1954 FIFA World Cup,M-1954-26,West Germany v Hungary,final,not applicable,0,1,0,0,1954-07-04,17:00,S-169,Wankdorf Stadium,Bern,Switzerland,T-82,West Germany,DEU,T-34,Hungary,HUN,3–2,3,2,1,-1,0,0,0-0,0,0,home team win,1,0,0
102,WC-1958,1958 FIFA World Cup,M-1958-01,Sweden v Mexico,group stage,Group 3,1,0,0,0,1958-06-08,14:00,S-165,Råsunda Stadium,Solna,Sweden,T-71,Sweden,SWE,T-44,Mexico,MEX,3–0,3,0,3,-3,0,0,0-0,0,0,home team win,1,0,0
103,WC-1958,1958 FIFA World Cup,M-1958-02,Argentina v West Germany,group stage,Group 1,1,0,0,0,1958-06-08,19:00,S-161,Malmö Stadion,Malmö,Sweden,T-03,Argentina,ARG,T-82,West Germany,DEU,1–3,1,3,-2,2,0,0,0-0,0,0,away team win,0,1,0
104,WC-1958,1958 FIFA World Cup,M-1958-03,Northern Ireland v Czechoslovakia,group stage,Group 1,1,0,0,0,1958-06-08,19:00,S-159,Örjans Vall,Halmstad,Sweden,T-50,Northern Ireland,NIR,T-20,Czechoslovakia,CSK,1–0,1,0,1,-1,0,0,0-0,0,0,home team win,1,0,0
105,WC-1958,1958 FIFA World Cup,M-1958-04,France v Paraguay,group stage,Group 2,1,0,0,0,1958-06-08,19:00,S-162,Idrottsparken,Norrköping,Sweden,T-28,France,FRA,T-53,Paraguay,PRY,7–3,7,3,4,-4,0,0,0-0,0,0,home team win,1,0,0
106,WC-1958,1958 FIFA World Cup,M-1958-05,Yugoslavia v Scotland,group stage,Group 2,1,0,0,0,1958-06-08,19:00,S-167,Arosvallen,Västerås,Sweden,T-83,Yugoslavia,YUG,T-61,Scotland,SCO,1–1,1,1,0,0,0,0,0-0,0,0,draw,0,0,1
107,WC-1958,1958 FIFA World Cup,M-1958-06,Hungary v Wales,group stage,Group 3,1,0,0,0,1958-06-08,19:00,S-164,Jernvallen,Sandviken,Sweden,T-34,Hungary,HUN,T-81,Wales,WAL,1–1,1,1,0,0,0,0,0-0,0,0,draw,0,0,1
108,WC-1958,1958 FIFA World Cup,M-1958-07,Brazil v Austria,group stage,Group 4,1,0,0,0,1958-06-08,19:00,S-166,Rimnersvallen,Uddevalla,Sweden,T-09,Brazil,BRA,T-05,Austria,AUT,3–0,3,0,3,-3,0,0,0-0,0,0,home team win,1,0,0
109,WC-1958,1958 FIFA World Cup,M-1958-08,Soviet Union v England,group stage,Group 4,1,0,0,0,1958-06-08,19:00,S-158,Ullevi,Gothenburg,Sweden,T-69,Soviet Union,SUN,T-27,England,ENG,2–2,2,2,0,0,0,0,0-0,0,0,draw,0,0,1
110,WC-1958,1958 FIFA World Cup,M-1958-09,Argentina v Northern Ireland,group stage,Group 1,1,0,0,0,1958-06-11,19:00,S-159,Örjans Vall,Halmstad,Sweden,T-03,Argentina,ARG,T-50,Northern Ireland,NIR,3–1,3,1,2,-2,0,0,0-0,0,0,home team win,1,0,0
111,WC-1958,1958 FIFA World Cup,M-1958-10,West Germany v Czechoslovakia,group stage,Group 1,1,0,0,0,1958-06-11,19:00,S-160,Olympia,Helsingborg,Sweden,T-82,West Germany,DEU,T-20,Czechoslovakia,CSK,2–2,2,2,0,0,0,0,0-0,0,0,draw,0,0,1
112,WC-1958,1958 FIFA World Cup,M-1958-11,Paraguay v Scotland,group stage,Group 2,1,0,0,0,1958-06-11,19:00,S-162,Idrottsparken,Norrköping,Sweden,T-53,Paraguay,PRY,T-61,Scotland,SCO,3–2,3,2,1,-1,0,0,0-0,0,0,home team win,1,0,0
113,WC-1958,1958 FIFA World Cup,M-1958-12,Yugoslavia v France,group stage,Group 2,1,0,0,0,1958-06-11,19:00,S-167,Arosvallen,Västerås,Sweden,T-83,Yugoslavia,YUG,T-28,France,FRA,3–2,3,2,1,-1,0,0,0-0,0,0,home team win,1,0,0
114,WC-1958,1958 FIFA World Cup,M-1958-13,Mexico v Wales,group stage,Group 3,1,0,0,0,1958-06-11,19:00,S-165,Råsunda Stadium,Solna,Sweden,T-44,Mexico,MEX,T-81,Wales,WAL,1–1,1,1,0,0,0,0,0-0,0,0,draw,0,0,1
115,WC-1958,1958 FIFA World Cup,M-1958-14,Brazil v England,group stage,Group 4,1,0,0,0,1958-06-11,19:00,S-158,Ullevi,Gothenburg,Sweden,T-09,Brazil,BRA,T-27,England,ENG,0–0,0,0,0,0,0,0,0-0,0,0,draw,0,0,1
116,WC-1958,1958 FIFA World Cup,M-1958-15,Soviet Union v Austria,group stage,Group 4,1,0,0,0,1958-06-11,19:00,S-156,Ryavallen,Borås,Sweden,T-69,Soviet Union,SUN,T-05,Austria,AUT,2–0,2,0,2,-2,0,0,0-0,0,0,home team win,1,0,0
117,WC-1958,1958 FIFA World Cup,M-1958-16,Sweden v Hungary,group stage,Group 3,1,0,0,0,1958-06-12,19:00,S-165,Råsunda Stadium,Solna,Sweden,T-71,Sweden,SWE,T-34,Hungary,HUN,2–1,2,1,1,-1,0,0,0-0,0,0,home team win,1,0,0
118,WC-1958,1958 FIFA World Cup,M-1958-17,Sweden v Wales,group stage,Group 3,1,0,0,0,1958-06-15,14:00,S-165,Råsunda Stadium,Solna,Sweden,T-71,Sweden,SWE,T-81,Wales,WAL,0–0,0,0,0,0,0,0,0-0,0,0,draw,0,0,1
119,WC-1958,1958 FIFA World Cup,M-1958-18,Czechoslovakia v Argentina,group stage,Group 1,1,0,0,0,1958-06-15,19:00,S-160,Olympia,Helsingborg,Sweden,T-20,Czechoslovakia,CSK,T-03,Argentina,ARG,6–1,6,1,5,-5,0,0,0-0,0,0,home team win,1,0,0
120,WC-1958,1958 FIFA World Cup,M-1958-19,West Germany v Northern Ireland,group stage,Group 1,1,0,0,0,1958-06-15,19:00,S-161,Malmö Stadion,Malmö,Sweden,T-82,West Germany,DEU,T-50,Northern Ireland,NIR,2–2,2,2,0,0,0,0,0-0,0,0,draw,0,0,1
121,WC-1958,1958 FIFA World Cup,M-1958-20,France v Scotland,group stage,Group 2,1,0,0,0,1958-06-15,19:00,S-163,Eyravallen,Örebro,Sweden,T-28,France,FRA,T-61,Scotland,SCO,2–1,2,1,1,-1,0,0,0-0,0,0,home team win,1,0,0
122,WC-1958,1958 FIFA World Cup,M-1958-21,Paraguay v Yugoslavia,group stage,Group 2,1,0,0,0,1958-06-15,19:00,S-157,Tunavallen,Eskilstuna,Sweden,T-53,Paraguay,PRY,T-83,Yugoslavia,YUG,3–3,3,3,0,0,0,0,0-0,0,0,draw,0,0,1
123,WC-1958,1958 FIFA World Cup,M-1958-22,Hungary v Mexico,group stage,Group 3,1,0,0,0,1958-06-15,19:00,S-164,Jernvallen,Sandviken,Sweden,T-34,Hungary,HUN,T-44,Mexico,MEX,4–0,4,0,4,-4,0,0,0-0,0,0,home team win,1,0,0
124,WC-1958,1958 FIFA World Cup,M-1958-23,Brazil v Soviet Union,group stage,Group 4,1,0,0,0,1958-06-15,19:00,S-158,Ullevi,Gothenburg,Sweden,T-09,Brazil,BRA,T-69,Soviet Union,SUN,2–0,2,0,2,-2,0,0,0-0,0,0,home team win,1,0,0
125,WC-1958,1958 FIFA World Cup,M-1958-24,England v Austria,group stage,Group 4,1,0,0,0,1958-06-15,19:00,S-156,Ryavallen,Borås,Sweden,T-27,England,ENG,T-05,Austria,AUT,2–2,2,2,0,0,0,0,0-0,0,0,draw,0,0,1
126,WC-1958,1958 FIFA World Cup,M-1958-25,Northern Ireland v Czechoslovakia,group stage,Group 1,1,0,0,0,1958-06-17,19:00,S-161,Malmö Stadion,Malmö,Sweden,T-50,Northern Ireland,NIR,T-20,Czechoslovakia,CSK,2–1,2,1,1,-1,1,0,0-0,0,0,home team win,1,0,0
127,WC-1958,1958 FIFA World Cup,M-1958-26,Wales v Hungary,group stage,Group 3,1,0,0,0,1958-06-17,19:00,S-165,Råsunda Stadium,Solna,Sweden,T-81,Wales,WAL,T-34,Hungary,HUN,2–1,2,1,1,-1,0,0,0-0,0,0,home team win,1,0,0
128,WC-1958,1958 FIFA World Cup,M-1958-27,Soviet Union v England,group stage,Group 4,1,0,0,0,1958-06-17,19:00,S-158,Ullevi,Gothenburg,Sweden,T-69,Soviet Union,SUN,T-27,England,ENG,1–0,1,0,1,-1,0,0,0-0,0,0,home team win,1,0,0
129,WC-1958,1958 FIFA World Cup,M-1958-28,Brazil v Wales,quarter-finals,not applicable,0,1,0,0,1958-06-19,19:00,S-158,Ullevi,Gothenburg,Sweden,T-09,Brazil,BRA,T-81,Wales,WAL,1–0,1,0,1,-1,0,0,0-0,0,0,home team win,1,0,0
130,WC-1958,1958 FIFA World Cup,M-1958-29,France v Northern Ireland,quarter-finals,not applicable,0,1,0,0,1958-06-19,19:00,S-162,Idrottsparken,Norrköping,Sweden,T-28,France,FRA,T-50,Northern Ireland,NIR,4–0,4,0,4,-4,0,0,0-0,0,0,home team win,1,0,0
131,WC-1958,1958 FIFA World Cup,M-1958-30,Sweden v Soviet Union,quarter-finals,not applicable,0,1,0,0,1958-06-19,19:00,S-165,Råsunda Stadium,Solna,Sweden,T-71,Sweden,SWE,T-69,Soviet Union,SUN,2–0,2,0,2,-2,0,0,0-0,0,0,home team win,1,0,0
132,WC-1958,1958 FIFA World Cup,M-1958-31,West Germany v Yugoslavia,quarter-finals,not applicable,0,1,0,0,1958-06-19,19:00,S-161,Malmö Stadion,Malmö,Sweden,T-82,West Germany,DEU,T-83,Yugoslavia,YUG,1–0,1,0,1,-1,0,0,0-0,0,0,home team win,1,0,0
133,WC-1958,1958 FIFA World Cup,M-1958-32,Brazil v France,semi-finals,not applicable,0,1,0,0,1958-06-24,19:00,S-165,Råsunda Stadium,Solna,Sweden,T-09,Brazil,BRA,T-28,France,FRA,5–2,5,2,3,-3,0,0,0-0,0,0,home team win,1,0,0
134,WC-1958,1958 FIFA World Cup,M-1958-33,Sweden v West Germany,semi-finals,not applicable,0,1,0,0,1958-06-24,19:00,S-158,Ullevi,Gothenburg,Sweden,T-71,Sweden,SWE,T-82,West Germany,DEU,3–1,3,1,2,-2,0,0,0-0,0,0,home team win,1,0,0
135,WC-1958,1958 FIFA World Cup,M-1958-34,France v West Germany,third-place match,not applicable,0,1,0,0,1958-06-28,17:00,S-158,Ullevi,Gothenburg,Sweden,T-28,France,FRA,T-82,West Germany,DEU,6–3,6,3,3,-3,0,0,0-0,0,0,home team win,1,0,0
136,WC-1958,1958 FIFA World Cup,M-1958-35,Brazil v Sweden,final,not applicable,0,1,0,0,1958-06-29,15:00,S-165,Råsunda Stadium,Solna,Sweden,T-09,Brazil,BRA,T-71,Sweden,SWE,5–2,5,2,3,-3,0,0,0-0,0,0,home team win,1,0,0
137,WC-1962,1962 FIFA World Cup,M-1962-01,Uruguay v Colombia,group stage,Group 1,1,0,0,0,1962-05-30,15:00,S-024,Estadio Carlos Dittborn,Arica,Chile,T-80,Uruguay,URY,T-15,Colombia,COL,2–1,2,1,1,-1,0,0,0-0,0,0,home team win,1,0,0
138,WC-1962,1962 FIFA World Cup,M-1962-02,Chile v Switzerland,group stage,Group 2,1,0,0,0,1962-05-30,15:00,S-026,Estadio Nacional,Santiago,Chile,T-13,Chile,CHL,T-72,Switzerland,CHE,3–1,3,1,2,-2,0,0,0-0,0,0,home team win,1,0,0
139,WC-1962,1962 FIFA World Cup,M-1962-03,Brazil v Mexico,group stage,Group 3,1,0,0,0,1962-05-30,15:00,S-027,Estadio Sausalito,Viña del Mar,Chile,T-09,Brazil,BRA,T-44,Mexico,MEX,2–0,2,0,2,-2,0,0,0-0,0,0,home team win,1,0,0
140,WC-1962,1962 FIFA World Cup,M-1962-04,Argentina v Bulgaria,group stage,Group 4,1,0,0,0,1962-05-30,15:00,S-025,Estadio El Teniente,Rancagua,Chile,T-03,Argentina,ARG,T-10,Bulgaria,BGR,1–0,1,0,1,-1,0,0,0-0,0,0,home team win,1,0,0
141,WC-1962,1962 FIFA World Cup,M-1962-05,Soviet Union v Yugoslavia,group stage,Group 1,1,0,0,0,1962-05-31,15:00,S-024,Estadio Carlos Dittborn,Arica,Chile,T-69,Soviet Union,SUN,T-83,Yugoslavia,YUG,2–0,2,0,2,-2,0,0,0-0,0,0,home team win,1,0,0
142,WC-1962,1962 FIFA World Cup,M-1962-06,West Germany v Italy,group stage,Group 2,1,0,0,0,1962-05-31,15:00,S-026,Estadio Nacional,Santiago,Chile,T-82,West Germany,DEU,T-39,Italy,ITA,0–0,0,0,0,0,0,0,0-0,0,0,draw,0,0,1
143,WC-1962,1962 FIFA World Cup,M-1962-07,Czechoslovakia v Spain,group stage,Group 3,1,0,0,0,1962-05-31,15:00,S-027,Estadio Sausalito,Viña del Mar,Chile,T-20,Czechoslovakia,CSK,T-70,Spain,ESP,1–0,1,0,1,-1,0,0,0-0,0,0,home team win,1,0,0
144,WC-1962,1962 FIFA World Cup,M-1962-08,Hungary v England,group stage,Group 4,1,0,0,0,1962-05-31,15:00,S-025,Estadio El Teniente,Rancagua,Chile,T-34,Hungary,HUN,T-27,England,ENG,2–1,2,1,1,-1,0,0,0-0,0,0,home team win,1,0,0
145,WC-1962,1962 FIFA World Cup,M-1962-09,Yugoslavia v Uruguay,group stage,Group 1,1,0,0,0,1962-06-02,15:00,S-024,Estadio Carlos Dittborn,Arica,Chile,T-83,Yugoslavia,YUG,T-80,Uruguay,URY,3–1,3,1,2,-2,0,0,0-0,0,0,home team win,1,0,0
146,WC-1962,1962 FIFA World Cup,M-1962-10,Chile v Italy,group stage,Group 2,1,0,0,0,1962-06-02,15:00,S-026,Estadio Nacional,Santiago,Chile,T-13,Chile,CHL,T-39,Italy,ITA,2–0,2,0,2,-2,0,0,0-0,0,0,home team win,1,0,0
147,WC-1962,1962 FIFA World Cup,M-1962-11,Brazil v Czechoslovakia,group stage,Group 3,1,0,0,0,1962-06-02,15:00,S-027,Estadio Sausalito,Viña del Mar,Chile,T-09,Brazil,BRA,T-20,Czechoslovakia,CSK,0–0,0,0,0,0,0,0,0-0,0,0,draw,0,0,1
148,WC-1962,1962 FIFA World Cup,M-1962-12,England v Argentina,group stage,Group 4,1,0,0,0,1962-06-02,15:00,S-025,Estadio El Teniente,Rancagua,Chile,T-27,England,ENG,T-03,Argentina,ARG,3–1,3,1,2,-2,0,0,0-0,0,0,home team win,1,0,0
149,WC-1962,1962 FIFA World Cup,M-1962-13,Soviet Union v Colombia,group stage,Group 1,1,0,0,0,1962-06-03,15:00,S-024,Estadio Carlos Dittborn,Arica,Chile,T-69,Soviet Union,SUN,T-15,Colombia,COL,4–4,4,4,0,0,0,0,0-0,0,0,draw,0,0,1
150,WC-1962,1962 FIFA World Cup,M-1962-14,West Germany v Switzerland,group stage,Group 2,1,0,0,0,1962-06-03,15:00,S-026,Estadio Nacional,Santiago,Chile,T-82,West Germany,DEU,T-72,Switzerland,CHE,2–1,2,1,1,-1,0,0,0-0,0,0,home team win,1,0,0
151,WC-1962,1962 FIFA World Cup,M-1962-15,Spain v Mexico,group stage,Group 3,1,0,0,0,1962-06-03,15:00,S-027,Estadio Sausalito,Viña del Mar,Chile,T-70,Spain,ESP,T-44,Mexico,MEX,1–0,1,0,1,-1,0,0,0-0,0,0,home team win,1,0,0
152,WC-1962,1962 FIFA World Cup,M-1962-16,Hungary v Bulgaria,group stage,Group 4,1,0,0,0,1962-06-03,15:00,S-025,Estadio El Teniente,Rancagua,Chile,T-34,Hungary,HUN,T-10,Bulgaria,BGR,6–1,6,1,5,-5,0,0,0-0,0,0,home team win,1,0,0
153,WC-1962,1962 FIFA World Cup,M-1962-17,Soviet Union v Uruguay,group stage,Group 1,1,0,0,0,1962-06-06,15:00,S-024,Estadio Carlos Dittborn,Arica,Chile,T-69,Soviet Union,SUN,T-80,Uruguay,URY,2–1,2,1,1,-1,0,0,0-0,0,0,home team win,1,0,0
154,WC-1962,1962 FIFA World Cup,M-1962-18,West Germany v Chile,group stage,Group 2,1,0,0,0,1962-06-06,15:00,S-026,Estadio Nacional,Santiago,Chile,T-82,West Germany,DEU,T-13,Chile,CHL,2–0,2,0,2,-2,0,0,0-0,0,0,home team win,1,0,0
155,WC-1962,1962 FIFA World Cup,M-1962-19,Brazil v Spain,group stage,Group 3,1,0,0,0,1962-06-06,15:00,S-027,Estadio Sausalito,Viña del Mar,Chile,T-09,Brazil,BRA,T-70,Spain,ESP,2–1,2,1,1,-1,0,0,0-0,0,0,home team win,1,0,0
156,WC-1962,1962 FIFA World Cup,M-1962-20,Hungary v Argentina,group stage,Group 4,1,0,0,0,1962-06-06,15:00,S-025,Estadio El Teniente,Rancagua,Chile,T-34,Hungary,HUN,T-03,Argentina,ARG,0–0,0,0,0,0,0,0,0-0,0,0,draw,0,0,1
157,WC-1962,1962 FIFA World Cup,M-1962-21,Yugoslavia v Colombia,group stage,Group 1,1,0,0,0,1962-06-07,15:00,S-024,Estadio Carlos Dittborn,Arica,Chile,T-83,Yugoslavia,YUG,T-15,Colombia,COL,5–0,5,0,5,-5,0,0,0-0,0,0,home team win,1,0,0
158,WC-1962,1962 FIFA World Cup,M-1962-22,Italy v Switzerland,group stage,Group 2,1,0,0,0,1962-06-07,15:00,S-026,Estadio Nacional,Santiago,Chile,T-39,Italy,ITA,T-72,Switzerland,CHE,3–0,3,0,3,-3,0,0,0-0,0,0,home team win,1,0,0
159,WC-1962,1962 FIFA World Cup,M-1962-23,Mexico v Czechoslovakia,group stage,Group 3,1,0,0,0,1962-06-07,15:00,S-027,Estadio Sausalito,Viña del Mar,Chile,T-44,Mexico,MEX,T-20,Czechoslovakia,CSK,3–1,3,1,2,-2,0,0,0-0,0,0,home team win,1,0,0
160,WC-1962,1962 FIFA World Cup,M-1962-24,England v Bulgaria,group stage,Group 4,1,0,0,0,1962-06-07,15:00,S-025,Estadio El Teniente,Rancagua,Chile,T-27,England,ENG,T-10,Bulgaria,BGR,0–0,0,0,0,0,0,0,0-0,0,0,draw,0,0,1
161,WC-1962,1962 FIFA World Cup,M-1962-25,Brazil v England,quarter-finals,not applicable,0,1,0,0,1962-06-10,14:30,S-027,Estadio Sausalito,Viña del Mar,Chile,T-09,Brazil,BRA,T-27,England,ENG,3–1,3,1,2,-2,0,0,0-0,0,0,home team win,1,0,0
162,WC-1962,1962 FIFA World Cup,M-1962-26,Chile v Soviet Union,quarter-finals,not applicable,0,1,0,0,1962-06-10,14:30,S-024,Estadio Carlos Dittborn,Arica,Chile,T-13,Chile,CHL,T-69,Soviet Union,SUN,2–1,2,1,1,-1,0,0,0-0,0,0,home team win,1,0,0
163,WC-1962,1962 FIFA World Cup,M-1962-27,Czechoslovakia v Hungary,quarter-finals,not applicable,0,1,0,0,1962-06-10,14:30,S-025,Estadio El Teniente,Rancagua,Chile,T-20,Czechoslovakia,CSK,T-34,Hungary,HUN,1–0,1,0,1,-1,0,0,0-0,0,0,home team win,1,0,0
164,WC-1962,1962 FIFA World Cup,M-1962-28,Yugoslavia v West Germany,quarter-finals,not applicable,0,1,0,0,1962-06-10,14:30,S-026,Estadio Nacional,Santiago,Chile,T-83,Yugoslavia,YUG,T-82,West Germany,DEU,1–0,1,0,1,-1,0,0,0-0,0,0,home team win,1,0,0
165,WC-1962,1962 FIFA World Cup,M-1962-29,Brazil v Chile,semi-finals,not applicable,0,1,0,0,1962-06-13,14:30,S-026,Estadio Nacional,Santiago,Chile,T-09,Brazil,BRA,T-13,Chile,CHL,4–2,4,2,2,-2,0,0,0-0,0,0,home team win,1,0,0
166,WC-1962,1962 FIFA World Cup,M-1962-30,Czechoslovakia v Yugoslavia,semi-finals,not applicable,0,1,0,0,1962-06-13,14:30,S-027,Estadio Sausalito,Viña del Mar,Chile,T-20,Czechoslovakia,CSK,T-83,Yugoslavia,YUG,3–1,3,1,2,-2,0,0,0-0,0,0,home team win,1,0,0
167,WC-1962,1962 FIFA World Cup,M-1962-31,Chile v Yugoslavia,third-place match,not applicable,0,1,0,0,1962-06-16,14:30,S-026,Estadio Nacional,Santiago,Chile,T-13,Chile,CHL,T-83,Yugoslavia,YUG,1–0,1,0,1,-1,0,0,0-0,0,0,home team win,1,0,0
168,WC-1962,1962 FIFA World Cup,M-1962-32,Brazil v Czechoslovakia,final,not applicable,0,1,0,0,1962-06-17,14:30,S-026,Estadio Nacional,Santiago,Chile,T-09,Brazil,BRA,T-20,Czechoslovakia,CSK,3–1,3,1,2,-2,0,0,0-0,0,0,home team win,1,0,0
169,WC-1966,1966 FIFA World Cup,M-1966-01,England v Uruguay,group stage,Group 1,1,0,0,0,1966-07-11,19:30,S-030,Wembley Stadium,London,England,T-27,England,ENG,T-80,Uruguay,URY,0–0,0,0,0,0,0,0,0-0,0,0,draw,0,0,1
170,WC-1966,1966 FIFA World Cup,M-1966-02,West Germany v Switzerland,group stage,Group 2,1,0,0,0,1966-07-12,19:30,S-034,Hillsborough Stadium,Sheffield,England,T-82,West Germany,DEU,T-72,Switzerland,CHE,5–0,5,0,5,-5,0,0,0-0,0,0,home team win,1,0,0
171,WC-1966,1966 FIFA World Cup,M-1966-03,Brazil v Bulgaria,group stage,Group 3,1,0,0,0,1966-07-12,19:30,S-029,Goodison Park,Liverpool,England,T-09,Brazil,BRA,T-10,Bulgaria,BGR,2–0,2,0,2,-2,0,0,0-0,0,0,home team win,1,0,0
172,WC-1966,1966 FIFA World Cup,M-1966-04,Soviet Union v North Korea,group stage,Group 4,1,0,0,0,1966-07-12,19:30,S-033,Ayresome Park,Middlesbrough,England,T-69,Soviet Union,SUN,T-49,North Korea,PRK,3–0,3,0,3,-3,0,0,0-0,0,0,home team win,1,0,0
173,WC-1966,1966 FIFA World Cup,M-1966-05,France v Mexico,group stage,Group 1,1,0,0,0,1966-07-13,19:30,S-030,Wembley Stadium,London,England,T-28,France,FRA,T-44,Mexico,MEX,1–1,1,1,0,0,0,0,0-0,0,0,draw,0,0,1
174,WC-1966,1966 FIFA World Cup,M-1966-06,Argentina v Spain,group stage,Group 2,1,0,0,0,1966-07-13,19:30,S-028,Villa Park,Birmingham,England,T-03,Argentina,ARG,T-70,Spain,ESP,2–1,2,1,1,-1,0,0,0-0,0,0,home team win,1,0,0
175,WC-1966,1966 FIFA World Cup,M-1966-07,Portugal v Hungary,group stage,Group 3,1,0,0,0,1966-07-13,19:30,S-032,Old Trafford,Manchester,England,T-56,Portugal,PRT,T-34,Hungary,HUN,3–1,3,1,2,-2,0,0,0-0,0,0,home team win,1,0,0
176,WC-1966,1966 FIFA World Cup,M-1966-08,Italy v Chile,group stage,Group 4,1,0,0,0,1966-07-13,19:30,S-035,Roker Park,Sunderland,England,T-39,Italy,ITA,T-13,Chile,CHL,2–0,2,0,2,-2,0,0,0-0,0,0,home team win,1,0,0
177,WC-1966,1966 FIFA World Cup,M-1966-09,Uruguay v France,group stage,Group 1,1,0,0,0,1966-07-15,19:30,S-031,White City Stadium,London,England,T-80,Uruguay,URY,T-28,France,FRA,2–1,2,1,1,-1,0,0,0-0,0,0,home team win,1,0,0
178,WC-1966,1966 FIFA World Cup,M-1966-10,Spain v Switzerland,group stage,Group 2,1,0,0,0,1966-07-15,19:30,S-034,Hillsborough Stadium,Sheffield,England,T-70,Spain,ESP,T-72,Switzerland,CHE,2–1,2,1,1,-1,0,0,0-0,0,0,home team win,1,0,0
179,WC-1966,1966 FIFA World Cup,M-1966-11,Hungary v Brazil,group stage,Group 3,1,0,0,0,1966-07-15,19:30,S-029,Goodison Park,Liverpool,England,T-34,Hungary,HUN,T-09,Brazil,BRA,3–1,3,1,2,-2,0,0,0-0,0,0,home team win,1,0,0
180,WC-1966,1966 FIFA World Cup,M-1966-12,Chile v North Korea,group stage,Group 4,1,0,0,0,1966-07-15,19:30,S-033,Ayresome Park,Middlesbrough,England,T-13,Chile,CHL,T-49,North Korea,PRK,1–1,1,1,0,0,0,0,0-0,0,0,draw,0,0,1
181,WC-1966,1966 FIFA World Cup,M-1966-13,Argentina v West Germany,group stage,Group 2,1,0,0,0,1966-07-16,15:00,S-028,Villa Park,Birmingham,England,T-03,Argentina,ARG,T-82,West Germany,DEU,0–0,0,0,0,0,0,0,0-0,0,0,draw,0,0,1
182,WC-1966,1966 FIFA World Cup,M-1966-14,Portugal v Bulgaria,group stage,Group 3,1,0,0,0,1966-07-16,15:00,S-032,Old Trafford,Manchester,England,T-56,Portugal,PRT,T-10,Bulgaria,BGR,3–0,3,0,3,-3,0,0,0-0,0,0,home team win,1,0,0
183,WC-1966,1966 FIFA World Cup,M-1966-15,Soviet Union v Italy,group stage,Group 4,1,0,0,0,1966-07-16,15:00,S-035,Roker Park,Sunderland,England,T-69,Soviet Union,SUN,T-39,Italy,ITA,1–0,1,0,1,-1,0,0,0-0,0,0,home team win,1,0,0
184,WC-1966,1966 FIFA World Cup,M-1966-16,England v Mexico,group stage,Group 1,1,0,0,0,1966-07-16,19:30,S-030,Wembley Stadium,London,England,T-27,England,ENG,T-44,Mexico,MEX,2–0,2,0,2,-2,0,0,0-0,0,0,home team win,1,0,0
185,WC-1966,1966 FIFA World Cup,M-1966-17,Mexico v Uruguay,group stage,Group 1,1,0,0,0,1966-07-19,16:30,S-030,Wembley Stadium,London,England,T-44,Mexico,MEX,T-80,Uruguay,URY,0–0,0,0,0,0,0,0,0-0,0,0,draw,0,0,1
186,WC-1966,1966 FIFA World Cup,M-1966-18,Argentina v Switzerland,group stage,Group 2,1,0,0,0,1966-07-19,19:30,S-034,Hillsborough Stadium,Sheffield,England,T-03,Argentina,ARG,T-72,Switzerland,CHE,2–0,2,0,2,-2,0,0,0-0,0,0,home team win,1,0,0
187,WC-1966,1966 FIFA World Cup,M-1966-19,Portugal v Brazil,group stage,Group 3,1,0,0,0,1966-07-19,19:30,S-029,Goodison Park,Liverpool,England,T-56,Portugal,PRT,T-09,Brazil,BRA,3–1,3,1,2,-2,0,0,0-0,0,0,home team win,1,0,0
188,WC-1966,1966 FIFA World Cup,M-1966-20,North Korea v Italy,group stage,Group 4,1,0,0,0,1966-07-19,19:30,S-033,Ayresome Park,Middlesbrough,England,T-49,North Korea,PRK,T-39,Italy,ITA,1–0,1,0,1,-1,0,0,0-0,0,0,home team win,1,0,0
189,WC-1966,1966 FIFA World Cup,M-1966-21,England v France,group stage,Group 1,1,0,0,0,1966-07-20,19:30,S-030,Wembley Stadium,London,England,T-27,England,ENG,T-28,France,FRA,2–0,2,0,2,-2,0,0,0-0,0,0,home team win,1,0,0
190,WC-1966,1966 FIFA World Cup,M-1966-22,West Germany v Spain,group stage,Group 2,1,0,0,0,1966-07-20,19:30,S-028,Villa Park,Birmingham,England,T-82,West Germany,DEU,T-70,Spain,ESP,2–1,2,1,1,-1,0,0,0-0,0,0,home team win,1,0,0
191,WC-1966,1966 FIFA World Cup,M-1966-23,Hungary v Bulgaria,group stage,Group 3,1,0,0,0,1966-07-20,19:30,S-032,Old Trafford,Manchester,England,T-34,Hungary,HUN,T-10,Bulgaria,BGR,3–1,3,1,2,-2,0,0,0-0,0,0,home team win,1,0,0
192,WC-1966,1966 FIFA World Cup,M-1966-24,Soviet Union v Chile,group stage,Group 4,1,0,0,0,1966-07-20,19:30,S-035,Roker Park,Sunderland,England,T-69,Soviet Union,SUN,T-13,Chile,CHL,2–1,2,1,1,-1,0,0,0-0,0,0,home team win,1,0,0
193,WC-1966,1966 FIFA World Cup,M-1966-25,England v Argentina,quarter-finals,not applicable,0,1,0,0,1966-07-23,15:00,S-030,Wembley Stadium,London,England,T-27,England,ENG,T-03,Argentina,ARG,1–0,1,0,1,-1,0,0,0-0,0,0,home team win,1,0,0
194,WC-1966,1966 FIFA World Cup,M-1966-26,Portugal v North Korea,quarter-finals,not applicable,0,1,0,0,1966-07-23,15:00,S-029,Goodison Park,Liverpool,England,T-56,Portugal,PRT,T-49,North Korea,PRK,5–3,5,3,2,-2,0,0,0-0,0,0,home team win,1,0,0
195,WC-1966,1966 FIFA World Cup,M-1966-27,Soviet Union v Hungary,quarter-finals,not applicable,0,1,0,0,1966-07-23,15:00,S-035,Roker Park,Sunderland,England,T-69,Soviet Union,SUN,T-34,Hungary,HUN,2–1,2,1,1,-1,0,0,0-0,0,0,home team win,1,0,0
196,WC-1966,1966 FIFA World Cup,M-1966-28,West Germany v Uruguay,quarter-finals,not applicable,0,1,0,0,1966-07-23,15:00,S-034,Hillsborough Stadium,Sheffield,England,T-82,West Germany,DEU,T-80,Uruguay,URY,4–0,4,0,4,-4,0,0,0-0,0,0,home team win,1,0,0
197,WC-1966,1966 FIFA World Cup,M-1966-29,West Germany v Soviet Union,semi-finals,not applicable,0,1,0,0,1966-07-25,19:30,S-029,Goodison Park,Liverpool,England,T-82,West Germany,DEU,T-69,Soviet Union,SUN,2–1,2,1,1,-1,0,0,0-0,0,0,home team win,1,0,0
198,WC-1966,1966 FIFA World Cup,M-1966-30,England v Portugal,semi-finals,not applicable,0,1,0,0,1966-07-26,19:30,S-030,Wembley Stadium,London,England,T-27,England,ENG,T-56,Portugal,PRT,2–1,2,1,1,-1,0,0,0-0,0,0,home team win,1,0,0
199,WC-1966,1966 FIFA World Cup,M-1966-31,Portugal v Soviet Union,third-place match,not applicable,0,1,0,0,1966-07-28,19:30,S-030,Wembley Stadium,London,England,T-56,Portugal,PRT,T-69,Soviet Union,SUN,2–1,2,1,1,-1,0,0,0-0,0,0,home team win,1,0,0
200,WC-1966,1966 FIFA World Cup,M-1966-32,England v West Germany,final,not applicable,0,1,0,0,1966-07-30,15:00,S-030,Wembley Stadium,London,England,T-27,England,ENG,T-82,West Germany,DEU,4–2,4,2,2,-2,1,0,0-0,0,0,home team win,1,0,0
