match_name,score,yellow_card,red_card,substitutions,squad_x_play_in_the_match
France v Mexico,3,6,0,5,0
France v Mexico,3,6,0,5,0
France v Mexico,3,6,0,5,0
France v Mexico,3,6,0,5,0
Belgium v United States,-3,0,0,0,0
Belgium v United States,-3,0,0,0,0
Brazil v Yugoslavia,-1,0,0,0,0
Brazil v Yugoslavia,-1,0,0,0,0
Brazil v Yugoslavia,-1,0,0,0,0
Brazil v Yugoslavia,-1,0,0,0,0
Peru v Romania,-2,0,1,0,0
Argentina v France,1,1,0,3,0
Argentina v France,1,1,0,3,0
Argentina v France,1,1,0,3,0
Chile v Mexico,3,0,0,0,0
Bolivia v Yugoslavia,-4,0,0,0,0
Paraguay v United States,-3,0,0,0,0
Peru v Uruguay,-1,0,0,0,0
Chile v France,1,0,0,0,0
Argentina v Mexico,3,7,0,11,0
Argentina v Mexico,3,7,0,11,0
Argentina v Mexico,3,7,0,11,0
Bolivia v Brazil,-4,0,0,0,0
Belgium v Paraguay,-1,2,0,2,0
Belgium v Paraguay,-1,2,0,2,0
Romania v Uruguay,-4,0,0,0,0
Argentina v Chile,2,0,0,0,0
Argentina v United States,5,0,0,0,0
Uruguay v Yugoslavia,5,0,0,0,0
Uruguay v Yugoslavia,5,0,0,0,0
Argentina v Uruguay,-2,0,0,0,0
Argentina v Uruguay,-2,0,0,0,0
Austria v France,1,1,0,4,0
Austria v France,1,1,0,4,0
Czechoslovakia v Romania,1,0,0,0,0
Czechoslovakia v Romania,1,0,0,0,0
Belgium v Germany,-3,3,0,4,0
Belgium v Germany,-3,3,0,4,0
Egypt v Hungary,-2,0,1,0,0
Italy v United States,6,7,3,8,1
Italy v United States,6,7,3,8,1
Italy v United States,6,7,3,8,1
Brazil v Spain,-2,2,0,3,0
Brazil v Spain,-2,2,0,3,0
Brazil v Spain,-2,2,0,3,0
Brazil v Spain,-2,2,0,3,0
Brazil v Spain,-2,2,0,3,0
Argentina v Sweden,-1,5,0,6,0
Argentina v Sweden,-1,5,0,6,0
Netherlands v Switzerland,-1,0,0,0,0
Austria v Hungary,1,0,0,0,0
Czechoslovakia v Switzerland,1,0,0,0,0
Germany v Sweden,1,11,2,12,0
Germany v Sweden,1,11,2,12,0
Germany v Sweden,1,11,2,12,0
Italy v Spain,0,2,0,4,1
Italy v Spain,0,2,0,4,1
Italy v Spain,0,2,0,4,1
Italy v Spain,1,2,0,4,1
Italy v Spain,1,2,0,4,1
Italy v Spain,1,2,0,4,1
Czechoslovakia v Germany,2,0,0,0,0
Austria v Italy,-1,6,0,13,1
Austria v Italy,-1,6,0,13,1
Austria v Italy,-1,6,0,13,1
Austria v Italy,-1,6,0,13,1
Austria v Germany,-1,0,0,0,0
Czechoslovakia v Italy,-1,4,0,4,1
Czechoslovakia v Italy,-1,4,0,4,1
Germany v Switzerland,0,0,1,0,0
Germany v Switzerland,0,0,1,0,0
Cuba v Romania,0,0,0,0,0
Cuba v Romania,0,0,0,0,0
Belgium v France,-2,5,0,5,0
Belgium v France,-2,5,0,5,0
Belgium v France,-2,5,0,5,0
Dutch East Indies v Hungary,-6,0,0,0,0
Italy v Norway,1,9,1,11,1
Italy v Norway,1,9,1,11,1
Italy v Norway,1,9,1,11,1
Brazil v Poland,1,7,0,10,0
Brazil v Poland,1,7,0,10,0
Brazil v Poland,1,7,0,10,0
Brazil v Poland,1,7,0,10,0
Czechoslovakia v Netherlands,3,0,0,0,0
Cuba v Romania,1,0,0,0,0
Cuba v Romania,1,0,0,0,0
Germany v Switzerland,-2,0,1,0,0
Germany v Switzerland,-2,0,1,0,0
Brazil v Czechoslovakia,0,1,3,3,0
Brazil v Czechoslovakia,0,1,3,3,0
Brazil v Czechoslovakia,0,1,3,3,0
Brazil v Czechoslovakia,0,1,3,3,0
Brazil v Czechoslovakia,0,1,3,3,0
Hungary v Switzerland,2,0,0,0,0
France v Italy,-2,15,1,18,1
France v Italy,-2,15,1,18,1
France v Italy,-2,15,1,18,1
France v Italy,-2,15,1,18,1
France v Italy,-2,15,1,18,1
Cuba v Sweden,-8,0,0,0,0
Brazil v Czechoslovakia,1,1,3,3,0
Brazil v Czechoslovakia,1,1,3,3,0
Brazil v Czechoslovakia,1,1,3,3,0
Brazil v Czechoslovakia,1,1,3,3,0
Brazil v Czechoslovakia,1,1,3,3,0
Hungary v Sweden,4,0,0,0,0
Hungary v Sweden,4,0,0,0,0
Brazil v Italy,-1,2,0,3,1
Brazil v Italy,-1,2,0,3,1
Brazil v Italy,-1,2,0,3,1
Brazil v Italy,-1,2,0,3,1
Brazil v Italy,-1,2,0,3,1
Brazil v Sweden,2,8,0,10,0
Brazil v Sweden,2,8,0,10,0
Brazil v Sweden,2,8,0,10,0
Brazil v Sweden,2,8,0,10,0
Brazil v Sweden,2,8,0,10,0
Brazil v Sweden,2,8,0,10,0
Brazil v Sweden,2,8,0,10,0
Hungary v Italy,-2,2,0,4,1
Hungary v Italy,-2,2,0,4,1
Brazil v Mexico,4,10,0,12,0
Brazil v Mexico,4,10,0,12,0
Brazil v Mexico,4,10,0,12,0
Brazil v Mexico,4,10,0,12,0
Brazil v Mexico,4,10,0,12,0
Switzerland v Yugoslavia,-3,0,0,0,0
Chile v England,-2,0,0,0,0
Spain v United States,2,0,0,0,0
Italy v Sweden,-1,0,0,0,1
Italy v Sweden,-1,0,0,0,1
Brazil v Switzerland,0,4,0,6,0
Brazil v Switzerland,0,4,0,6,0
Mexico v Yugoslavia,-3,0,0,0,0
Chile v Spain,-2,3,0,6,0
Chile v Spain,-2,3,0,6,0
Chile v Spain,-2,3,0,6,0
England v United States,-1,0,0,0,0
England v United States,-1,0,0,0,0
Paraguay v Sweden,0,8,0,6,0
Paraguay v Sweden,0,8,0,6,0
Brazil v Yugoslavia,2,2,0,0,0
Brazil v Yugoslavia,2,2,0,0,0
Brazil v Yugoslavia,2,2,0,0,0
Brazil v Yugoslavia,2,2,0,0,0
Chile v United States,3,0,0,0,0
England v Spain,-1,1,0,4,0
England v Spain,-1,1,0,4,0
Italy v Paraguay,2,2,0,6,1
Italy v Paraguay,2,2,0,6,1
Bolivia v Uruguay,-8,0,0,0,0
Mexico v Switzerland,-1,0,0,0,0
Brazil v Sweden,6,8,0,10,0
Brazil v Sweden,6,8,0,10,0
Brazil v Sweden,6,8,0,10,0
Brazil v Sweden,6,8,0,10,0
Brazil v Sweden,6,8,0,10,0
Brazil v Sweden,6,8,0,10,0
Brazil v Sweden,6,8,0,10,0
Spain v Uruguay,0,4,0,4,0
Spain v Uruguay,0,4,0,4,0
Brazil v Spain,5,1,0,4,0
Brazil v Spain,5,1,0,4,0
Brazil v Spain,5,1,0,4,0
Brazil v Spain,5,1,0,4,0
Brazil v Spain,5,1,0,4,0
Sweden v Uruguay,-1,0,0,0,0
Sweden v Uruguay,-1,0,0,0,0
Sweden v Uruguay,-1,0,0,0,0
Spain v Sweden,-2,0,0,0,0
Spain v Sweden,-2,0,0,0,0
Brazil v Uruguay,-1,0,0,0,0
Brazil v Uruguay,-1,0,0,0,0
Brazil v Mexico,5,10,0,12,0
Brazil v Mexico,5,10,0,12,0
Brazil v Mexico,5,10,0,12,0
Brazil v Mexico,5,10,0,12,0
Brazil v Mexico,5,10,0,12,0
France v Yugoslavia,-1,0,0,0,0
France v Yugoslavia,-1,0,0,0,0
Austria v Scotland,1,0,0,0,0
Czechoslovakia v Uruguay,-2,0,0,0,0
Italy v Switzerland,-1,0,0,0,1
Italy v Switzerland,-1,0,0,0,1
Italy v Switzerland,-1,0,0,0,1
Hungary v South Korea,9,0,0,0,0
Turkey v West Germany,-3,0,0,0,0
Turkey v West Germany,-3,0,0,0,0
Belgium v England,0,3,0,8,0
Belgium v England,0,3,0,8,0
Belgium v England,0,3,0,8,0
Belgium v England,0,3,0,8,0
Scotland v Uruguay,-7,0,0,0,0
Scotland v Uruguay,-7,0,0,0,0
Brazil v Yugoslavia,0,2,0,0,0
Brazil v Yugoslavia,0,2,0,0,0
Brazil v Yugoslavia,0,2,0,0,0
Brazil v Yugoslavia,0,2,0,0,0
Austria v Czechoslovakia,5,5,0,4,0
Austria v Czechoslovakia,5,5,0,4,0
France v Mexico,1,6,0,5,0
France v Mexico,1,6,0,5,0
France v Mexico,1,6,0,5,0
France v Mexico,1,6,0,5,0
Hungary v West Germany,5,0,0,0,0
Hungary v West Germany,5,0,0,0,0
South Korea v Turkey,-7,0,0,0,0
South Korea v Turkey,-7,0,0,0,0
Belgium v Italy,-3,0,0,0,1
England v Switzerland,2,0,0,0,0
Turkey v West Germany,-5,0,0,0,0
Turkey v West Germany,-5,0,0,0,0
Italy v Switzerland,-3,0,0,0,1
Italy v Switzerland,-3,0,0,0,1
Italy v Switzerland,-3,0,0,0,1
Austria v Switzerland,2,0,0,0,0
England v Uruguay,-2,2,0,6,0
England v Uruguay,-2,2,0,6,0
England v Uruguay,-2,2,0,6,0
Brazil v Hungary,-2,0,1,0,0
Brazil v Hungary,-2,0,1,0,0
West Germany v Yugoslavia,2,1,0,4,0
West Germany v Yugoslavia,2,1,0,4,0
West Germany v Yugoslavia,2,1,0,4,0
West Germany v Yugoslavia,2,1,0,4,0
West Germany v Yugoslavia,2,1,0,4,0
Hungary v Uruguay,2,0,0,0,0
Austria v West Germany,-5,2,0,2,0
Austria v West Germany,-5,2,0,2,0
Austria v West Germany,-5,2,0,2,0
Austria v Uruguay,2,0,0,0,0
Hungary v West Germany,-1,0,0,0,0
Hungary v West Germany,-1,0,0,0,0
Mexico v Sweden,-3,0,0,0,0
Mexico v Sweden,-3,0,0,0,0
Argentina v West Germany,-2,6,0,3,0
Argentina v West Germany,-2,6,0,3,0
Argentina v West Germany,-2,6,0,3,0
Argentina v West Germany,-2,6,0,3,0
Czechoslovakia v Northern Ireland,-1,0,1,0,0
Czechoslovakia v Northern Ireland,-1,0,1,0,0
France v Paraguay,4,5,0,6,0
France v Paraguay,4,5,0,6,0
Scotland v Yugoslavia,0,0,0,0,0
Scotland v Yugoslavia,0,0,0,0,0
Hungary v Wales,0,0,0,0,0
Hungary v Wales,0,0,0,0,0
Austria v Brazil,-3,0,0,4,0
Austria v Brazil,-3,0,0,4,0
England v Soviet Union,0,0,0,0,0
England v Soviet Union,0,0,0,0,0
Argentina v Northern Ireland,2,0,0,0,0
Czechoslovakia v West Germany,0,0,0,0,0
Czechoslovakia v West Germany,0,0,0,0,0
Paraguay v Scotland,1,0,0,0,0
France v Yugoslavia,-1,0,0,0,0
France v Yugoslavia,-1,0,0,0,0
Mexico v Wales,0,0,0,0,0
Brazil v England,0,1,0,3,0
Brazil v England,0,1,0,3,0
Brazil v England,0,1,0,3,0
Brazil v England,0,1,0,3,0
Austria v Soviet Union,-2,0,0,0,0
Hungary v Sweden,-1,0,0,0,0
Hungary v Sweden,-1,0,0,0,0
Sweden v Wales,0,0,0,0,0
Argentina v Czechoslovakia,-5,0,0,0,0
Northern Ireland v West Germany,0,0,0,0,0
France v Scotland,1,0,0,0,0
Paraguay v Yugoslavia,0,0,0,0,0
Hungary v Mexico,4,0,0,0,0
Brazil v Soviet Union,2,0,0,3,0
Brazil v Soviet Union,2,0,0,3,0
Austria v England,0,0,0,0,0
Czechoslovakia v Northern Ireland,-1,0,1,0,0
Czechoslovakia v Northern Ireland,-1,0,1,0,0
Hungary v Wales,-1,0,1,0,0
Hungary v Wales,-1,0,1,0,0
England v Soviet Union,-1,0,0,0,0
England v Soviet Union,-1,0,0,0,0
Brazil v Wales,1,0,0,0,0
France v Northern Ireland,4,2,0,3,0
France v Northern Ireland,4,2,0,3,0
Soviet Union v Sweden,-2,0,0,0,0
West Germany v Yugoslavia,1,1,0,4,0
West Germany v Yugoslavia,1,1,0,4,0
West Germany v Yugoslavia,1,1,0,4,0
West Germany v Yugoslavia,1,1,0,4,0
West Germany v Yugoslavia,1,1,0,4,0
Brazil v France,3,13,1,15,0
Brazil v France,3,13,1,15,0
Brazil v France,3,13,1,15,0
Brazil v France,3,13,1,15,0
Sweden v West Germany,2,0,1,0,0
Sweden v West Germany,2,0,1,0,0
France v West Germany,3,2,0,3,0
France v West Germany,3,2,0,3,0
France v West Germany,3,2,0,3,0
Brazil v Sweden,3,8,0,10,0
Brazil v Sweden,3,8,0,10,0
Brazil v Sweden,3,8,0,10,0
Brazil v Sweden,3,8,0,10,0
Brazil v Sweden,3,8,0,10,0
Brazil v Sweden,3,8,0,10,0
Brazil v Sweden,3,8,0,10,0
Colombia v Uruguay,-1,0,0,0,0
Colombia v Uruguay,-1,0,0,0,0
Chile v Switzerland,2,9,1,6,0
Chile v Switzerland,2,9,1,6,0
Brazil v Mexico,2,10,0,12,0
Brazil v Mexico,2,10,0,12,0
Brazil v Mexico,2,10,0,12,0
Brazil v Mexico,2,10,0,12,0
Brazil v Mexico,2,10,0,12,0
Argentina v Bulgaria,1,11,1,8,0
Argentina v Bulgaria,1,11,1,8,0
Argentina v Bulgaria,1,11,1,8,0
Soviet Union v Yugoslavia,2,0,0,0,0
Italy v West Germany,0,0,0,0,1
Italy v West Germany,0,0,0,0,1
Italy v West Germany,0,0,0,0,1
Italy v West Germany,0,0,0,0,1
Czechoslovakia v Spain,1,0,0,0,0
England v Hungary,-1,0,0,0,0
Uruguay v Yugoslavia,-2,0,2,0,0
Uruguay v Yugoslavia,-2,0,2,0,0
Chile v Italy,2,0,2,0,1
Chile v Italy,2,0,2,0,1
Chile v Italy,2,0,2,0,1
Brazil v Czechoslovakia,0,1,3,3,0
Brazil v Czechoslovakia,0,1,3,3,0
Brazil v Czechoslovakia,0,1,3,3,0
Brazil v Czechoslovakia,0,1,3,3,0
Brazil v Czechoslovakia,0,1,3,3,0
Argentina v England,-2,3,1,0,0
Argentina v England,-2,3,1,0,0
Argentina v England,-2,3,1,0,0
Argentina v England,-2,3,1,0,0
Argentina v England,-2,3,1,0,0
Colombia v Soviet Union,0,0,0,0,0
Switzerland v West Germany,-1,0,0,0,0
Switzerland v West Germany,-1,0,0,0,0
Mexico v Spain,-1,0,0,0,0
Bulgaria v Hungary,-5,0,0,0,0
Bulgaria v Hungary,-5,0,0,0,0
Soviet Union v Uruguay,1,6,0,4,0
Soviet Union v Uruguay,1,6,0,4,0
Chile v West Germany,-2,5,1,7,0
Chile v West Germany,-2,5,1,7,0
Chile v West Germany,-2,5,1,7,0
Brazil v Spain,1,1,0,4,0
Brazil v Spain,1,1,0,4,0
Brazil v Spain,1,1,0,4,0
Brazil v Spain,1,1,0,4,0
Brazil v Spain,1,1,0,4,0
Argentina v Hungary,0,0,0,0,0
Argentina v Hungary,0,0,0,0,0
Argentina v Hungary,0,0,0,0,0
Colombia v Yugoslavia,-5,1,0,4,0
Colombia v Yugoslavia,-5,1,0,4,0
Italy v Switzerland,3,0,0,0,1
Italy v Switzerland,3,0,0,0,1
Italy v Switzerland,3,0,0,0,1
Czechoslovakia v Mexico,-2,0,0,0,0
Bulgaria v England,0,0,0,0,0
Brazil v England,2,1,0,3,0
Brazil v England,2,1,0,3,0
Brazil v England,2,1,0,3,0
Brazil v England,2,1,0,3,0
Chile v Soviet Union,1,0,0,0,0
Chile v Soviet Union,1,0,0,0,0
Czechoslovakia v Hungary,1,0,0,0,0
West Germany v Yugoslavia,-1,4,0,4,0
West Germany v Yugoslavia,-1,4,0,4,0
West Germany v Yugoslavia,-1,4,0,4,0
West Germany v Yugoslavia,-1,4,0,4,0
West Germany v Yugoslavia,-1,4,0,4,0
Brazil v Chile,2,16,0,17,0
Brazil v Chile,2,16,0,17,0
Brazil v Chile,2,16,0,17,0
Brazil v Chile,2,16,0,17,0
Czechoslovakia v Yugoslavia,2,0,0,0,0
Chile v Yugoslavia,1,0,0,0,0
Brazil v Czechoslovakia,2,1,3,3,0
Brazil v Czechoslovakia,2,1,3,3,0
Brazil v Czechoslovakia,2,1,3,3,0
Brazil v Czechoslovakia,2,1,3,3,0
Brazil v Czechoslovakia,2,1,3,3,0
England v Uruguay,0,0,0,0,0
England v Uruguay,0,0,0,0,0
England v Uruguay,0,0,0,0,0
Switzerland v West Germany,-5,0,0,0,0
Switzerland v West Germany,-5,0,0,0,0
Brazil v Bulgaria,2,0,0,0,0
North Korea v Soviet Union,-3,1,0,0,0
France v Mexico,0,6,0,5,0
France v Mexico,0,6,0,5,0
France v Mexico,0,6,0,5,0
France v Mexico,0,6,0,5,0
Argentina v Spain,1,0,0,0,0
Hungary v Portugal,-2,0,0,0,0
Chile v Italy,-2,5,0,6,1
Chile v Italy,-2,5,0,6,1
Chile v Italy,-2,5,0,6,1
France v Uruguay,-1,12,1,12,0
France v Uruguay,-1,12,1,12,0
France v Uruguay,-1,12,1,12,0
France v Uruguay,-1,12,1,12,0
Spain v Switzerland,1,12,0,10,0
Spain v Switzerland,1,12,0,10,0
Spain v Switzerland,1,12,0,10,0
Brazil v Hungary,-2,0,1,0,0
Brazil v Hungary,-2,0,1,0,0
Chile v North Korea,0,0,0,0,0
Argentina v West Germany,0,6,0,3,0
Argentina v West Germany,0,6,0,3,0
Argentina v West Germany,0,6,0,3,0
Argentina v West Germany,0,6,0,3,0
Bulgaria v Portugal,-3,0,0,0,0
Italy v Soviet Union,-1,0,0,0,1
England v Mexico,2,0,0,0,0
Mexico v Uruguay,0,3,0,5,0
Mexico v Uruguay,0,3,0,5,0
Argentina v Switzerland,2,5,0,6,0
Argentina v Switzerland,2,5,0,6,0
Brazil v Portugal,-2,7,0,6,0
Brazil v Portugal,-2,7,0,6,0
Italy v North Korea,-1,0,0,0,1
England v France,2,1,0,3,0
England v France,2,1,0,3,0
Spain v West Germany,-1,5,0,3,0
Spain v West Germany,-1,5,0,3,0
Bulgaria v Hungary,-2,0,0,0,0
Bulgaria v Hungary,-2,0,0,0,0
Chile v Soviet Union,-1,0,0,0,0
Chile v Soviet Union,-1,0,0,0,0
Argentina v England,-1,3,1,0,0
Argentina v England,-1,3,1,0,0
Argentina v England,-1,3,1,0,0
Argentina v England,-1,3,1,0,0
Argentina v England,-1,3,1,0,0
North Korea v Portugal,-2,4,0,6,0
North Korea v Portugal,-2,4,0,6,0
Hungary v Soviet Union,-1,0,0,4,0
Hungary v Soviet Union,-1,0,0,4,0
Uruguay v West Germany,-4,4,2,4,0
Uruguay v West Germany,-4,4,2,4,0
Uruguay v West Germany,-4,4,2,4,0
Soviet Union v West Germany,-1,1,1,0,0
England v Portugal,1,4,1,6,0
England v Portugal,1,4,1,6,0
England v Portugal,1,4,1,6,0
Portugal v Soviet Union,1,0,0,0,0
England v West Germany,2,0,0,0,0
England v West Germany,2,0,0,0,0
England v West Germany,2,0,0,0,0
England v West Germany,2,0,0,0,0
Mexico v Soviet Union,0,5,0,3,0
Israel v Uruguay,-2,0,0,3,0
England v Romania,1,0,0,3,0
England v Romania,1,0,0,3,0
Bulgaria v Peru,-1,0,0,4,0
Belgium v El Salvador,3,2,0,6,0
Belgium v El Salvador,3,2,0,6,0
Italy v Sweden,1,1,0,3,1
Italy v Sweden,1,1,0,3,1
Brazil v Czechoslovakia,3,1,3,3,0
Brazil v Czechoslovakia,3,1,3,3,0
Brazil v Czechoslovakia,3,1,3,3,0
Brazil v Czechoslovakia,3,1,3,3,0
Brazil v Czechoslovakia,3,1,3,3,0
Morocco v West Germany,-1,0,0,4,0
Morocco v West Germany,-1,0,0,4,0
Belgium v Soviet Union,-3,1,0,6,0
Belgium v Soviet Union,-3,1,0,6,0
Belgium v Soviet Union,-3,1,0,6,0
Italy v Uruguay,0,0,0,2,1
Italy v Uruguay,0,0,0,2,1
Italy v Uruguay,0,0,0,2,1
Czechoslovakia v Romania,-1,2,0,4,0
Czechoslovakia v Romania,-1,2,0,4,0
Morocco v Peru,-3,0,0,4,0
El Salvador v Mexico,-4,4,0,4,0
Israel v Sweden,0,3,0,2,0
Brazil v England,1,1,0,3,0
Brazil v England,1,1,0,3,0
Brazil v England,1,1,0,3,0
Brazil v England,1,1,0,3,0
Bulgaria v West Germany,-3,0,0,4,0
El Salvador v Soviet Union,-2,1,0,4,0
Sweden v Uruguay,1,1,0,7,0
Sweden v Uruguay,1,1,0,7,0
Sweden v Uruguay,1,1,0,7,0
Brazil v Romania,1,2,0,4,0
Peru v West Germany,-2,0,0,4,0
Belgium v Mexico,-1,5,0,2,0
Belgium v Mexico,-1,5,0,2,0
Belgium v Mexico,-1,5,0,2,0
Israel v Italy,0,3,0,2,1
Czechoslovakia v England,-1,2,0,6,0
Czechoslovakia v England,-1,2,0,6,0
Bulgaria v Morocco,0,0,0,4,0
Brazil v Peru,2,0,0,8,0
Brazil v Peru,2,0,0,8,0
Italy v Mexico,3,5,0,7,1
Italy v Mexico,3,5,0,7,1
Italy v Mexico,3,5,0,7,1
Soviet Union v Uruguay,-1,6,0,4,0
Soviet Union v Uruguay,-1,6,0,4,0
England v West Germany,-1,6,0,10,0
England v West Germany,-1,6,0,10,0
England v West Germany,-1,6,0,10,0
England v West Germany,-1,6,0,10,0
Brazil v Uruguay,2,4,0,1,0
Brazil v Uruguay,2,4,0,1,0
Italy v West Germany,1,11,0,11,1
Italy v West Germany,1,11,0,11,1
Italy v West Germany,1,11,0,11,1
Italy v West Germany,1,11,0,11,1
Uruguay v West Germany,-1,4,2,4,0
Uruguay v West Germany,-1,4,2,4,0
Uruguay v West Germany,-1,4,2,4,0
Brazil v Italy,3,9,0,9,1
Brazil v Italy,3,9,0,9,1
Brazil v Italy,3,9,0,9,1
Brazil v Italy,3,9,0,9,1
Brazil v Italy,3,9,0,9,1
Brazil v Yugoslavia,0,2,0,0,0
Brazil v Yugoslavia,0,2,0,0,0
Brazil v Yugoslavia,0,2,0,0,0
Brazil v Yugoslavia,0,2,0,0,0
Chile v West Germany,-1,5,1,7,0
Chile v West Germany,-1,5,1,7,0
Chile v West Germany,-1,5,1,7,0
Australia v East Germany,-2,3,0,1,0
Scotland v Zaire,2,2,0,3,0
Bulgaria v Sweden,0,2,0,7,0
Bulgaria v Sweden,0,2,0,7,0
Netherlands v Uruguay,2,8,1,5,0
Netherlands v Uruguay,2,8,1,5,0
Haiti v Italy,-2,1,0,2,1
Argentina v Poland,-1,2,0,4,0
Argentina v Poland,-1,2,0,4,0
Australia v West Germany,-3,0,0,4,0
Chile v East Germany,0,3,0,4,0
Brazil v Scotland,0,3,0,1,0
Brazil v Scotland,0,3,0,1,0
Brazil v Scotland,0,3,0,1,0
Brazil v Scotland,0,3,0,1,0
Yugoslavia v Zaire,9,1,1,2,0
Bulgaria v Uruguay,0,2,0,3,0
Netherlands v Sweden,0,5,0,3,0
Argentina v Italy,0,11,1,11,1
Argentina v Italy,0,11,1,11,1
Argentina v Italy,0,11,1,11,1
Argentina v Italy,0,11,1,11,1
Argentina v Italy,0,11,1,11,1
Haiti v Poland,-7,1,0,4,0
Australia v Chile,0,1,1,4,0
Australia v Chile,0,1,1,4,0
Scotland v Yugoslavia,0,5,0,2,0
Scotland v Yugoslavia,0,5,0,2,0
Brazil v Zaire,3,2,0,4,0
East Germany v West Germany,1,3,0,3,0
Bulgaria v Netherlands,-3,5,0,4,0
Sweden v Uruguay,3,1,0,7,0
Sweden v Uruguay,3,1,0,7,0
Sweden v Uruguay,3,1,0,7,0
Argentina v Haiti,3,3,0,4,0
Italy v Poland,-1,7,0,7,1
Italy v Poland,-1,7,0,7,1
Italy v Poland,-1,7,0,7,1
West Germany v Yugoslavia,2,4,0,4,0
West Germany v Yugoslavia,2,4,0,4,0
West Germany v Yugoslavia,2,4,0,4,0
West Germany v Yugoslavia,2,4,0,4,0
West Germany v Yugoslavia,2,4,0,4,0
Brazil v East Germany,1,5,0,2,0
Argentina v Netherlands,-4,18,2,18,0
Argentina v Netherlands,-4,18,2,18,0
Argentina v Netherlands,-4,18,2,18,0
Argentina v Netherlands,-4,18,2,18,0
Argentina v Netherlands,-4,18,2,18,0
Poland v Sweden,1,2,0,3,0
Argentina v Brazil,-1,4,1,10,0
Argentina v Brazil,-1,4,1,10,0
Argentina v Brazil,-1,4,1,10,0
Argentina v Brazil,-1,4,1,10,0
East Germany v Netherlands,-2,0,0,2,0
Poland v Yugoslavia,1,0,0,4,0
Sweden v West Germany,-2,1,0,3,0
Sweden v West Germany,-2,1,0,3,0
Poland v West Germany,-1,0,0,2,0
Poland v West Germany,-1,0,0,2,0
Argentina v East Germany,0,2,0,2,0
Brazil v Netherlands,-2,13,2,10,0
Brazil v Netherlands,-2,13,2,10,0
Brazil v Netherlands,-2,13,2,10,0
Brazil v Netherlands,-2,13,2,10,0
Brazil v Netherlands,-2,13,2,10,0
Sweden v Yugoslavia,1,2,0,2,0
Brazil v Poland,-1,7,0,10,0
Brazil v Poland,-1,7,0,10,0
Brazil v Poland,-1,7,0,10,0
Brazil v Poland,-1,7,0,10,0
Netherlands v West Germany,-1,7,1,3,0
Netherlands v West Germany,-1,7,1,3,0
Netherlands v West Germany,-1,7,1,3,0
Poland v West Germany,0,0,0,2,0
Poland v West Germany,0,0,0,2,0
France v Italy,-1,15,1,18,1
France v Italy,-1,15,1,18,1
France v Italy,-1,15,1,18,1
France v Italy,-1,15,1,18,1
France v Italy,-1,15,1,18,1
Mexico v Tunisia,-2,0,0,3,0
Argentina v Hungary,1,3,2,7,0
Argentina v Hungary,1,3,2,7,0
Argentina v Hungary,1,3,2,7,0
Austria v Spain,1,0,0,4,0
Brazil v Sweden,0,8,0,10,0
Brazil v Sweden,0,8,0,10,0
Brazil v Sweden,0,8,0,10,0
Brazil v Sweden,0,8,0,10,0
Brazil v Sweden,0,8,0,10,0
Brazil v Sweden,0,8,0,10,0
Brazil v Sweden,0,8,0,10,0
Iran v Netherlands,-3,0,0,2,0
Peru v Scotland,2,1,0,4,0
Hungary v Italy,-2,2,0,4,1
Hungary v Italy,-2,2,0,4,1
Poland v Tunisia,1,0,0,2,0
Mexico v West Germany,-6,12,2,6,0
Mexico v West Germany,-6,12,2,6,0
Argentina v France,1,1,0,3,0
Argentina v France,1,1,0,3,0
Argentina v France,1,1,0,3,0
Austria v Sweden,1,0,0,3,0
Brazil v Spain,0,1,0,4,0
Brazil v Spain,0,1,0,4,0
Brazil v Spain,0,1,0,4,0
Brazil v Spain,0,1,0,4,0
Brazil v Spain,0,1,0,4,0
Netherlands v Peru,0,1,0,3,0
Iran v Scotland,0,0,0,4,0
France v Hungary,2,0,0,3,0
France v Hungary,2,0,0,3,0
Mexico v Poland,-2,0,0,3,0
Tunisia v West Germany,0,2,0,1,0
Argentina v Italy,-1,11,1,11,1
Argentina v Italy,-1,11,1,11,1
Argentina v Italy,-1,11,1,11,1
Argentina v Italy,-1,11,1,11,1
Argentina v Italy,-1,11,1,11,1
Austria v Brazil,-1,0,0,4,0
Austria v Brazil,-1,0,0,4,0
Spain v Sweden,1,1,0,3,0
Spain v Sweden,1,1,0,3,0
Iran v Peru,-3,0,0,4,0
Netherlands v Scotland,-1,1,0,2,0
Austria v Netherlands,-4,0,0,2,0
Italy v West Germany,0,11,0,11,1
Italy v West Germany,0,11,0,11,1
Italy v West Germany,0,11,0,11,1
Italy v West Germany,0,11,0,11,1
Brazil v Peru,3,0,0,8,0
Brazil v Peru,3,0,0,8,0
Argentina v Poland,2,2,0,3,0
Argentina v Poland,2,2,0,3,0
Peru v Poland,-1,4,0,4,0
Peru v Poland,-1,4,0,4,0
Austria v Italy,-1,6,0,13,1
Austria v Italy,-1,6,0,13,1
Austria v Italy,-1,6,0,13,1
Austria v Italy,-1,6,0,13,1
Netherlands v West Germany,0,7,1,3,0
Netherlands v West Germany,0,7,1,3,0
Netherlands v West Germany,0,7,1,3,0
Argentina v Brazil,0,4,1,10,0
Argentina v Brazil,0,4,1,10,0
Argentina v Brazil,0,4,1,10,0
Argentina v Brazil,0,4,1,10,0
Austria v West Germany,1,3,0,3,0
Austria v West Germany,1,3,0,3,0
Austria v West Germany,1,3,0,3,0
Italy v Netherlands,-1,5,0,4,1
Brazil v Poland,2,7,0,10,0
Brazil v Poland,2,7,0,10,0
Brazil v Poland,2,7,0,10,0
Brazil v Poland,2,7,0,10,0
Argentina v Peru,6,0,0,3,0
Brazil v Italy,1,9,0,9,1
Brazil v Italy,1,9,0,9,1
Brazil v Italy,1,9,0,9,1
Brazil v Italy,1,9,0,9,1
Brazil v Italy,1,9,0,9,1
Argentina v Netherlands,2,5,0,4,0
Argentina v Netherlands,2,5,0,4,0
Argentina v Netherlands,2,5,0,4,0
Argentina v Netherlands,2,5,0,4,0
Argentina v Netherlands,2,5,0,4,0
Argentina v Belgium,-1,7,0,9,0
Argentina v Belgium,-1,7,0,9,0
Argentina v Belgium,-1,7,0,9,0
Italy v Poland,0,3,0,1,1
Italy v Poland,0,3,0,1,1
Italy v Poland,0,3,0,1,1
Brazil v Soviet Union,1,0,0,3,0
Brazil v Soviet Union,1,0,0,3,0
Cameroon v Peru,0,1,0,4,0
El Salvador v Hungary,-9,2,0,4,0
New Zealand v Scotland,-3,0,0,4,0
Algeria v West Germany,1,2,0,3,0
England v France,2,1,0,3,0
England v France,2,1,0,3,0
Honduras v Spain,0,2,0,9,0
Honduras v Spain,0,2,0,9,0
Austria v Chile,1,8,0,9,0
Austria v Chile,1,8,0,9,0
Czechoslovakia v Kuwait,0,0,0,3,0
Northern Ireland v Yugoslavia,0,1,0,0,0
Italy v Peru,0,2,0,3,1
Argentina v Hungary,3,3,2,7,0
Argentina v Hungary,3,3,2,7,0
Argentina v Hungary,3,3,2,7,0
Brazil v Scotland,3,5,0,10,0
Brazil v Scotland,3,5,0,10,0
Brazil v Scotland,3,5,0,10,0
Brazil v Scotland,3,5,0,10,0
Cameroon v Poland,0,3,0,3,0
Belgium v El Salvador,1,2,0,6,0
Belgium v El Salvador,1,2,0,6,0
New Zealand v Soviet Union,-3,0,0,2,0
Chile v West Germany,-3,5,1,7,0
Chile v West Germany,-3,5,1,7,0
Chile v West Germany,-3,5,1,7,0
Czechoslovakia v England,-2,2,0,6,0
Czechoslovakia v England,-2,2,0,6,0
Spain v Yugoslavia,1,9,0,8,0
Spain v Yugoslavia,1,9,0,8,0
Algeria v Austria,-2,1,0,4,0
France v Kuwait,3,3,0,4,0
Honduras v Northern Ireland,0,0,0,3,0
Peru v Poland,-4,1,0,4,0
Peru v Poland,-4,1,0,4,0
Belgium v Hungary,0,2,0,4,0
Scotland v Soviet Union,0,1,0,3,0
Cameroon v Italy,0,8,1,6,1
Cameroon v Italy,0,8,1,6,1
Argentina v El Salvador,2,5,0,4,0
Brazil v New Zealand,4,0,0,4,0
Algeria v Chile,1,1,0,4,0
Czechoslovakia v France,0,2,1,4,0
Honduras v Yugoslavia,-1,2,1,3,0
Austria v West Germany,-1,2,0,2,0
Austria v West Germany,-1,2,0,2,0
Austria v West Germany,-1,2,0,2,0
England v Kuwait,1,2,0,1,0
Northern Ireland v Spain,1,3,1,4,0
Northern Ireland v Spain,1,3,1,4,0
Austria v France,-1,1,0,4,0
Austria v France,-1,1,0,4,0
Belgium v Poland,-3,1,0,3,0
Argentina v Italy,-1,8,1,8,1
Argentina v Italy,-1,8,1,8,1
Argentina v Italy,-1,8,1,8,1
Argentina v Italy,-1,8,1,8,1
Argentina v Italy,-1,8,1,8,1
England v West Germany,0,6,0,10,0
England v West Germany,0,6,0,10,0
England v West Germany,0,6,0,10,0
England v West Germany,0,6,0,10,0
Austria v Northern Ireland,0,1,0,3,0
Belgium v Soviet Union,-1,1,0,4,0
Belgium v Soviet Union,-1,1,0,4,0
Belgium v Soviet Union,-1,1,0,4,0
Argentina v Brazil,-2,4,1,10,0
Argentina v Brazil,-2,4,1,10,0
Argentina v Brazil,-2,4,1,10,0
Argentina v Brazil,-2,4,1,10,0
Spain v West Germany,-1,5,0,3,0
Spain v West Germany,-1,5,0,3,0
France v Northern Ireland,3,2,0,3,0
France v Northern Ireland,3,2,0,3,0
Poland v Soviet Union,0,5,0,3,0
Brazil v Italy,-1,2,0,3,1
Brazil v Italy,-1,2,0,3,1
Brazil v Italy,-1,2,0,3,1
Brazil v Italy,-1,2,0,3,1
Brazil v Italy,-1,2,0,3,1
England v Spain,0,1,0,4,0
England v Spain,0,1,0,4,0
Italy v Poland,2,7,0,7,1
Italy v Poland,2,7,0,7,1
Italy v Poland,2,7,0,7,1
France v West Germany,0,3,0,4,0
France v West Germany,0,3,0,4,0
France v West Germany,0,3,0,4,0
France v Poland,-1,3,0,3,0
Italy v West Germany,2,11,0,11,1
Italy v West Germany,2,11,0,11,1
Italy v West Germany,2,11,0,11,1
Italy v West Germany,2,11,0,11,1
Bulgaria v Italy,0,8,0,7,1
Bulgaria v Italy,0,8,0,7,1
Brazil v Spain,1,2,0,3,0
Brazil v Spain,1,2,0,3,0
Brazil v Spain,1,2,0,3,0
Brazil v Spain,1,2,0,3,0
Brazil v Spain,1,2,0,3,0
Canada v France,-1,0,0,3,0
Argentina v South Korea,2,7,0,9,0
Argentina v South Korea,2,7,0,9,0
Hungary v Soviet Union,-6,0,0,4,0
Hungary v Soviet Union,-6,0,0,4,0
Morocco v Poland,0,1,0,4,0
Belgium v Mexico,-1,6,2,10,0
Belgium v Mexico,-1,6,2,10,0
Belgium v Mexico,-1,6,2,10,0
Algeria v Northern Ireland,0,4,0,4,0
England v Portugal,-1,3,0,4,0
England v Portugal,-1,3,0,4,0
England v Portugal,-1,3,0,4,0
Iraq v Paraguay,-1,2,0,3,0
Uruguay v West Germany,0,2,0,4,0
Uruguay v West Germany,0,2,0,4,0
Uruguay v West Germany,0,2,0,4,0
Denmark v Scotland,1,1,0,4,0
Argentina v Italy,0,8,1,8,1
Argentina v Italy,0,8,1,8,1
Argentina v Italy,0,8,1,8,1
Argentina v Italy,0,8,1,8,1
Argentina v Italy,0,8,1,8,1
France v Soviet Union,0,4,0,4,0
Bulgaria v South Korea,0,3,0,4,0
Canada v Hungary,-2,4,1,4,0
Algeria v Brazil,-1,0,0,4,0
England v Morocco,0,4,1,4,0
Mexico v Paraguay,0,5,0,4,0
Northern Ireland v Spain,-1,2,0,4,0
Northern Ireland v Spain,-1,2,0,4,0
Poland v Portugal,1,2,0,4,0
Poland v Portugal,1,2,0,4,0
Belgium v Iraq,1,7,1,3,0
Scotland v West Germany,-1,3,0,4,0
Denmark v Uruguay,5,5,1,4,0
Denmark v Uruguay,5,5,1,4,0
France v Hungary,3,2,0,4,0
France v Hungary,3,2,0,4,0
Canada v Soviet Union,-2,0,0,4,0
Argentina v Bulgaria,2,11,1,8,0
Argentina v Bulgaria,2,11,1,8,0
Argentina v Bulgaria,2,11,1,8,0
Italy v South Korea,1,16,1,9,1
Italy v South Korea,1,16,1,9,1
Iraq v Mexico,-1,2,0,4,0
Belgium v Paraguay,0,2,0,2,0
Belgium v Paraguay,0,2,0,2,0
England v Poland,3,1,0,4,0
Morocco v Portugal,2,3,0,9,0
Morocco v Portugal,2,3,0,9,0
Algeria v Spain,-3,2,0,4,0
Brazil v Northern Ireland,3,1,0,4,0
Denmark v West Germany,2,5,1,4,0
Scotland v Uruguay,0,5,1,4,0
Scotland v Uruguay,0,5,1,4,0
Bulgaria v Mexico,-2,13,2,5,0
Bulgaria v Mexico,-2,13,2,5,0
Belgium v Soviet Union,1,1,0,6,0
Belgium v Soviet Union,1,1,0,6,0
Belgium v Soviet Union,1,1,0,6,0
Brazil v Poland,4,7,0,10,0
Brazil v Poland,4,7,0,10,0
Brazil v Poland,4,7,0,10,0
Brazil v Poland,4,7,0,10,0
Argentina v Uruguay,1,7,0,3,0
Argentina v Uruguay,1,7,0,3,0
France v Italy,2,15,1,18,1
France v Italy,2,15,1,18,1
France v Italy,2,15,1,18,1
France v Italy,2,15,1,18,1
France v Italy,2,15,1,18,1
Morocco v West Germany,-1,2,0,1,0
Morocco v West Germany,-1,2,0,1,0
England v Paraguay,3,6,0,8,0
England v Paraguay,3,6,0,8,0
Denmark v Spain,-4,4,0,4,0
Brazil v France,0,13,1,15,0
Brazil v France,0,13,1,15,0
Brazil v France,0,13,1,15,0
Brazil v France,0,13,1,15,0
Mexico v West Germany,0,12,2,6,0
Mexico v West Germany,0,12,2,6,0
Argentina v England,1,11,1,15,0
Argentina v England,1,11,1,15,0
Argentina v England,1,11,1,15,0
Argentina v England,1,11,1,15,0
Argentina v England,1,11,1,15,0
Belgium v Spain,0,4,0,4,0
Belgium v Spain,0,4,0,4,0
France v West Germany,-2,2,0,3,0
France v West Germany,-2,2,0,3,0
France v West Germany,-2,2,0,3,0
Argentina v Belgium,2,7,0,9,0
Argentina v Belgium,2,7,0,9,0
Argentina v Belgium,2,7,0,9,0
Belgium v France,-2,1,0,4,0
Belgium v France,-2,1,0,4,0
Belgium v France,-2,1,0,4,0
Argentina v West Germany,1,6,0,3,0
Argentina v West Germany,1,6,0,3,0
Argentina v West Germany,1,6,0,3,0
Argentina v West Germany,1,6,0,3,0
Argentina v Cameroon,-1,4,2,4,0
Romania v Soviet Union,2,2,0,4,0
Colombia v United Arab Emirates,2,3,0,3,0
Austria v Italy,-1,6,0,13,1
Austria v Italy,-1,6,0,13,1
Austria v Italy,-1,6,0,13,1
Austria v Italy,-1,6,0,13,1
Czechoslovakia v United States,4,4,1,4,0
Brazil v Sweden,1,8,0,10,0
Brazil v Sweden,1,8,0,10,0
Brazil v Sweden,1,8,0,10,0
Brazil v Sweden,1,8,0,10,0
Brazil v Sweden,1,8,0,10,0
Brazil v Sweden,1,8,0,10,0
Brazil v Sweden,1,8,0,10,0
West Germany v Yugoslavia,3,1,0,4,0
West Germany v Yugoslavia,3,1,0,4,0
West Germany v Yugoslavia,3,1,0,4,0
West Germany v Yugoslavia,3,1,0,4,0
West Germany v Yugoslavia,3,1,0,4,0
Costa Rica v Scotland,1,0,0,3,0
England v Republic of Ireland,0,1,0,3,0
Belgium v South Korea,2,6,0,9,0
Belgium v South Korea,2,6,0,9,0
Belgium v South Korea,2,6,0,9,0
Egypt v Netherlands,0,2,0,4,0
Spain v Uruguay,0,4,0,4,0
Spain v Uruguay,0,4,0,4,0
Argentina v Soviet Union,2,5,1,4,0
Cameroon v Romania,1,3,0,4,0
Colombia v Yugoslavia,-1,1,0,4,0
Colombia v Yugoslavia,-1,1,0,4,0
Italy v United States,1,7,3,8,1
Italy v United States,1,7,3,8,1
Italy v United States,1,7,3,8,1
Austria v Czechoslovakia,-1,5,0,4,0
Austria v Czechoslovakia,-1,5,0,4,0
United Arab Emirates v West Germany,-4,3,0,4,0
Brazil v Costa Rica,1,7,0,10,0
Brazil v Costa Rica,1,7,0,10,0
Brazil v Costa Rica,1,7,0,10,0
Scotland v Sweden,1,2,0,4,0
England v Netherlands,0,0,0,3,0
Egypt v Republic of Ireland,0,2,0,4,0
Belgium v Uruguay,2,4,1,4,0
South Korea v Spain,-2,3,0,4,0
South Korea v Spain,-2,3,0,4,0
South Korea v Spain,-2,3,0,4,0
Argentina v Romania,0,5,0,4,0
Argentina v Romania,0,5,0,4,0
Cameroon v Soviet Union,-4,3,0,4,0
Colombia v West Germany,0,4,0,2,0
United Arab Emirates v Yugoslavia,-3,6,1,4,0
Austria v United States,1,9,1,4,0
Czechoslovakia v Italy,-2,4,0,4,1
Czechoslovakia v Italy,-2,4,0,4,1
Brazil v Scotland,1,5,0,10,0
Brazil v Scotland,1,5,0,10,0
Brazil v Scotland,1,5,0,10,0
Brazil v Scotland,1,5,0,10,0
Costa Rica v Sweden,1,4,0,4,0
Belgium v Spain,-1,0,0,4,0
Belgium v Spain,-1,0,0,4,0
South Korea v Uruguay,-1,7,1,4,0
South Korea v Uruguay,-1,7,1,4,0
Egypt v England,-1,3,0,4,0
Netherlands v Republic of Ireland,0,1,0,4,0
Netherlands v Republic of Ireland,0,1,0,4,0
Cameroon v Colombia,1,6,0,4,0
Costa Rica v Czechoslovakia,-3,5,0,2,0
Argentina v Brazil,1,5,1,3,0
Argentina v Brazil,1,5,1,3,0
Argentina v Brazil,1,5,1,3,0
Argentina v Brazil,1,5,1,3,0
Netherlands v West Germany,-1,5,2,3,0
Netherlands v West Germany,-1,5,2,3,0
Netherlands v West Germany,-1,5,2,3,0
Republic of Ireland v Romania,0,4,0,4,0
Italy v Uruguay,2,9,1,10,1
Italy v Uruguay,2,9,1,10,1
Italy v Uruguay,2,9,1,10,1
Spain v Yugoslavia,-1,9,0,8,0
Spain v Yugoslavia,-1,9,0,8,0
Belgium v England,-1,3,0,8,0
Belgium v England,-1,3,0,8,0
Belgium v England,-1,3,0,8,0
Belgium v England,-1,3,0,8,0
Argentina v Yugoslavia,0,7,1,3,0
Italy v Republic of Ireland,1,2,0,4,1
Italy v Republic of Ireland,1,2,0,4,1
Czechoslovakia v West Germany,-1,7,1,3,0
Czechoslovakia v West Germany,-1,7,1,3,0
Cameroon v England,-1,4,0,4,0
Argentina v Italy,0,11,1,11,1
Argentina v Italy,0,11,1,11,1
Argentina v Italy,0,11,1,11,1
Argentina v Italy,0,11,1,11,1
Argentina v Italy,0,11,1,11,1
England v West Germany,0,6,0,10,0
England v West Germany,0,6,0,10,0
England v West Germany,0,6,0,10,0
England v West Germany,0,6,0,10,0
England v Italy,-1,0,0,4,1
England v Italy,-1,0,0,4,1
Argentina v West Germany,-1,4,2,3,0
Argentina v West Germany,-1,4,2,3,0
Argentina v West Germany,-1,4,2,3,0
Argentina v West Germany,-1,4,2,3,0
Bolivia v Germany,-1,6,1,4,0
South Korea v Spain,0,7,1,10,0
South Korea v Spain,0,7,1,10,0
South Korea v Spain,0,7,1,10,0
Switzerland v United States,0,3,0,4,0
Italy v Republic of Ireland,-1,3,0,4,1
Italy v Republic of Ireland,-1,3,0,4,1
Colombia v Romania,-2,4,0,2,0
Colombia v Romania,-2,4,0,2,0
Belgium v Morocco,1,5,0,5,0
Mexico v Norway,-1,3,0,4,0
Cameroon v Sweden,0,2,0,4,0
Brazil v Russia,2,3,0,4,0
Netherlands v Saudi Arabia,1,5,0,4,0
Argentina v Greece,4,3,0,4,0
Argentina v Greece,4,3,0,4,0
Germany v Spain,0,4,0,9,0
Germany v Spain,0,4,0,9,0
Bulgaria v Nigeria,-3,8,0,10,0
Bulgaria v Nigeria,-3,8,0,10,0
Romania v Switzerland,-3,3,1,4,0
Colombia v United States,-1,2,0,4,0
Italy v Norway,1,9,1,11,1
Italy v Norway,1,9,1,11,1
Italy v Norway,1,9,1,11,1
Bolivia v South Korea,0,8,1,3,0
Mexico v Republic of Ireland,1,4,0,4,0
Brazil v Cameroon,3,3,1,4,0
Brazil v Cameroon,3,3,1,4,0
Russia v Sweden,-2,7,1,4,0
Belgium v Netherlands,1,6,0,4,0
Belgium v Netherlands,1,6,0,4,0
Morocco v Saudi Arabia,-1,6,0,4,0
Argentina v Nigeria,1,8,0,15,0
Argentina v Nigeria,1,8,0,15,0
Argentina v Nigeria,1,8,0,15,0
Argentina v Nigeria,1,8,0,15,0
Argentina v Nigeria,1,8,0,15,0
Bulgaria v Greece,4,8,0,4,0
Colombia v Switzerland,2,5,0,4,0
Romania v United States,1,4,0,4,0
Bolivia v Spain,-2,2,0,4,0
Germany v South Korea,1,7,0,11,0
Germany v South Korea,1,7,0,11,0
Germany v South Korea,1,7,0,11,0
Italy v Mexico,0,5,0,7,1
Italy v Mexico,0,5,0,7,1
Italy v Mexico,0,5,0,7,1
Norway v Republic of Ireland,0,5,0,4,0
Cameroon v Russia,-5,5,0,4,0
Brazil v Sweden,0,8,0,10,0
Brazil v Sweden,0,8,0,10,0
Brazil v Sweden,0,8,0,10,0
Brazil v Sweden,0,8,0,10,0
Brazil v Sweden,0,8,0,10,0
Brazil v Sweden,0,8,0,10,0
Brazil v Sweden,0,8,0,10,0
Belgium v Saudi Arabia,-1,4,0,4,0
Morocco v Netherlands,-1,7,0,4,0
Argentina v Bulgaria,-2,11,1,8,0
Argentina v Bulgaria,-2,11,1,8,0
Argentina v Bulgaria,-2,11,1,8,0
Greece v Nigeria,-2,8,1,9,0
Greece v Nigeria,-2,8,1,9,0
Belgium v Germany,-1,3,0,4,0
Belgium v Germany,-1,3,0,4,0
Spain v Switzerland,3,12,0,10,0
Spain v Switzerland,3,12,0,10,0
Spain v Switzerland,3,12,0,10,0
Saudi Arabia v Sweden,-2,4,0,4,0
Argentina v Romania,-1,7,0,3,0
Argentina v Romania,-1,7,0,3,0
Netherlands v Republic of Ireland,2,1,0,4,0
Netherlands v Republic of Ireland,2,1,0,4,0
Brazil v United States,1,8,2,3,0
Italy v Nigeria,1,9,1,4,1
Bulgaria v Mexico,0,13,2,5,0
Bulgaria v Mexico,0,13,2,5,0
Italy v Spain,1,2,0,4,1
Italy v Spain,1,2,0,4,1
Italy v Spain,1,2,0,4,1
Brazil v Netherlands,1,13,2,10,0
Brazil v Netherlands,1,13,2,10,0
Brazil v Netherlands,1,13,2,10,0
Brazil v Netherlands,1,13,2,10,0
Brazil v Netherlands,1,13,2,10,0
Bulgaria v Germany,1,8,0,4,0
Romania v Sweden,0,7,1,3,0
Bulgaria v Italy,-1,8,0,7,1
Bulgaria v Italy,-1,8,0,7,1
Brazil v Sweden,1,3,1,2,0
Brazil v Sweden,1,3,1,2,0
Brazil v Sweden,1,3,1,2,0
Brazil v Sweden,1,3,1,2,0
Brazil v Sweden,1,3,1,2,0
Brazil v Sweden,1,3,1,2,0
Brazil v Sweden,1,3,1,2,0
Bulgaria v Sweden,-4,2,0,7,0
Bulgaria v Sweden,-4,2,0,7,0
Brazil v Italy,0,9,0,9,1
Brazil v Italy,0,9,0,9,1
Brazil v Italy,0,9,0,9,1
Brazil v Italy,0,9,0,9,1
Brazil v Italy,0,9,0,9,1
Brazil v Scotland,1,5,0,10,0
Brazil v Scotland,1,5,0,10,0
Brazil v Scotland,1,5,0,10,0
Brazil v Scotland,1,5,0,10,0
Morocco v Norway,0,1,0,5,0
Chile v Italy,0,5,0,6,1
Chile v Italy,0,5,0,6,1
Chile v Italy,0,5,0,6,1
Austria v Cameroon,0,2,0,6,0
Bulgaria v Paraguay,0,6,1,5,0
Denmark v Saudi Arabia,1,4,0,6,0
France v South Africa,3,5,1,11,0
France v South Africa,3,5,1,11,0
Nigeria v Spain,1,4,0,6,0
Mexico v South Korea,2,7,1,12,0
Mexico v South Korea,2,7,1,12,0
Belgium v Netherlands,0,2,1,5,0
Belgium v Netherlands,0,2,1,5,0
Argentina v Japan,1,3,0,4,0
Iran v Yugoslavia,-1,2,0,4,0
Croatia v Jamaica,2,3,0,4,0
England v Tunisia,2,4,0,4,0
England v Tunisia,2,4,0,4,0
Colombia v Romania,-1,4,0,5,0
Colombia v Romania,-1,4,0,5,0
Germany v United States,2,12,0,12,0
Germany v United States,2,12,0,12,0
Germany v United States,2,12,0,12,0
Norway v Scotland,0,4,0,5,0
Brazil v Morocco,3,4,0,6,0
Austria v Chile,0,8,0,9,0
Austria v Chile,0,8,0,9,0
Cameroon v Italy,-3,8,1,6,1
Cameroon v Italy,-3,8,1,6,1
Denmark v South Africa,0,7,3,6,0
France v Saudi Arabia,4,4,2,6,0
Bulgaria v Nigeria,-1,8,0,10,0
Bulgaria v Nigeria,-1,8,0,10,0
Paraguay v Spain,0,8,0,11,0
Paraguay v Spain,0,8,0,11,0
Paraguay v Spain,0,8,0,11,0
Croatia v Japan,1,10,0,12,0
Croatia v Japan,1,10,0,12,0
Belgium v Mexico,0,6,2,10,0
Belgium v Mexico,0,6,2,10,0
Belgium v Mexico,0,6,2,10,0
Netherlands v South Korea,5,2,0,6,0
Germany v Yugoslavia,0,1,0,6,0
Argentina v Jamaica,5,5,1,6,0
Iran v United States,1,3,0,6,0
Colombia v Tunisia,1,3,0,6,0
England v Romania,-1,4,0,5,0
England v Romania,-1,4,0,5,0
Cameroon v Chile,0,5,2,6,0
Austria v Italy,-1,6,0,13,1
Austria v Italy,-1,6,0,13,1
Austria v Italy,-1,6,0,13,1
Austria v Italy,-1,6,0,13,1
Brazil v Norway,-1,2,0,3,0
Morocco v Scotland,3,2,1,5,0
Denmark v France,-1,4,0,6,0
Denmark v France,-1,4,0,6,0
Denmark v France,-1,4,0,6,0
Saudi Arabia v South Africa,0,3,0,5,0
Nigeria v Paraguay,-2,2,0,5,0
Bulgaria v Spain,-5,4,0,6,0
Belgium v South Korea,0,6,0,9,0
Belgium v South Korea,0,6,0,9,0
Belgium v South Korea,0,6,0,9,0
Mexico v Netherlands,0,9,1,11,0
Mexico v Netherlands,0,9,1,11,0
Germany v Iran,2,3,0,4,0
United States v Yugoslavia,-1,3,0,6,0
Argentina v Croatia,1,14,0,11,0
Argentina v Croatia,1,14,0,11,0
Jamaica v Japan,1,3,0,6,0
Colombia v England,-2,13,0,14,0
Colombia v England,-2,13,0,14,0
Romania v Tunisia,0,2,0,6,0
Italy v Norway,1,9,1,11,1
Italy v Norway,1,9,1,11,1
Italy v Norway,1,9,1,11,1
Brazil v Chile,3,16,0,17,0
Brazil v Chile,3,16,0,17,0
Brazil v Chile,3,16,0,17,0
Brazil v Chile,3,16,0,17,0
France v Paraguay,1,5,0,6,0
France v Paraguay,1,5,0,6,0
Denmark v Nigeria,3,2,0,5,0
Germany v Mexico,1,10,0,12,0
Germany v Mexico,1,10,0,12,0
Netherlands v Yugoslavia,1,3,0,2,0
Croatia v Romania,1,5,0,5,0
Argentina v England,0,11,1,15,0
Argentina v England,0,11,1,15,0
Argentina v England,0,11,1,15,0
Argentina v England,0,11,1,15,0
Argentina v England,0,11,1,15,0
France v Italy,0,15,1,18,1
France v Italy,0,15,1,18,1
France v Italy,0,15,1,18,1
France v Italy,0,15,1,18,1
France v Italy,0,15,1,18,1
Brazil v Denmark,1,6,0,6,0
Argentina v Netherlands,-1,18,2,18,0
Argentina v Netherlands,-1,18,2,18,0
Argentina v Netherlands,-1,18,2,18,0
Argentina v Netherlands,-1,18,2,18,0
Argentina v Netherlands,-1,18,2,18,0
Croatia v Germany,3,4,1,3,0
Brazil v Netherlands,0,11,0,11,0
Brazil v Netherlands,0,11,0,11,0
Brazil v Netherlands,0,11,0,11,0
Brazil v Netherlands,0,11,0,11,0
Brazil v Netherlands,0,11,0,11,0
Croatia v France,-1,6,1,10,0
Croatia v France,-1,6,1,10,0
Croatia v Netherlands,1,6,0,4,0
Brazil v France,-3,13,1,15,0
Brazil v France,-3,13,1,15,0
Brazil v France,-3,13,1,15,0
Brazil v France,-3,13,1,15,0
France v Senegal,-1,2,0,2,0
Cameroon v Republic of Ireland,0,4,0,3,0
Denmark v Uruguay,1,3,0,6,0
Denmark v Uruguay,1,3,0,6,0
Germany v Saudi Arabia,8,3,0,6,0
Argentina v Nigeria,1,8,0,15,0
Argentina v Nigeria,1,8,0,15,0
Argentina v Nigeria,1,8,0,15,0
Argentina v Nigeria,1,8,0,15,0
Argentina v Nigeria,1,8,0,15,0
Paraguay v South Africa,0,8,0,5,0
England v Sweden,0,3,0,4,0
England v Sweden,0,3,0,4,0
England v Sweden,0,3,0,4,0
Slovenia v Spain,-2,3,0,6,0
Croatia v Mexico,-1,3,2,11,0
Croatia v Mexico,-1,3,2,11,0
Brazil v Turkey,1,9,2,12,0
Brazil v Turkey,1,9,2,12,0
Ecuador v Italy,-2,4,0,6,1
China v Costa Rica,-2,7,0,6,0
Belgium v Japan,0,5,0,5,0
Belgium v Japan,0,5,0,5,0
Poland v South Korea,-2,5,0,6,0
Russia v Tunisia,2,4,0,6,0
Portugal v United States,-1,4,0,12,0
Portugal v United States,-1,4,0,12,0
Germany v Republic of Ireland,0,0,0,6,0
Denmark v Senegal,0,6,1,6,0
Cameroon v Saudi Arabia,1,2,0,6,0
France v Uruguay,0,5,1,6,0
France v Uruguay,0,5,1,6,0
France v Uruguay,0,5,1,6,0
France v Uruguay,0,5,1,6,0
Nigeria v Sweden,-1,3,0,4,0
Paraguay v Spain,-2,8,0,11,0
Paraguay v Spain,-2,8,0,11,0
Paraguay v Spain,-2,8,0,11,0
Argentina v England,-1,11,1,15,0
Argentina v England,-1,11,1,15,0
Argentina v England,-1,11,1,15,0
Argentina v England,-1,11,1,15,0
Argentina v England,-1,11,1,15,0
Slovenia v South Africa,-1,6,0,6,0
Croatia v Italy,1,2,0,5,1
Brazil v China,4,2,0,6,0
Ecuador v Mexico,-1,6,0,6,0
Costa Rica v Turkey,0,5,0,6,0
Japan v Russia,1,6,0,6,0
South Korea v United States,0,3,0,5,0
Belgium v Tunisia,0,5,0,6,0
Belgium v Tunisia,0,5,0,6,0
Poland v Portugal,-4,5,0,6,0
Poland v Portugal,-4,5,0,6,0
Denmark v France,2,4,0,12,0
Denmark v France,2,4,0,12,0
Denmark v France,2,4,0,12,0
Senegal v Uruguay,0,12,0,6,0
Cameroon v Germany,-2,18,2,6,0
Republic of Ireland v Saudi Arabia,3,2,0,6,0
England v Nigeria,0,0,0,4,0
Argentina v Sweden,0,5,0,6,0
Argentina v Sweden,0,5,0,6,0
Paraguay v Slovenia,2,7,2,6,0
South Africa v Spain,-1,4,0,6,0
Brazil v Costa Rica,3,1,0,6,0
Brazil v Costa Rica,3,1,0,6,0
Brazil v Costa Rica,3,1,0,6,0
China v Turkey,-3,5,1,6,0
Croatia v Ecuador,-1,3,0,5,0
Italy v Mexico,0,7,0,6,1
Italy v Mexico,0,7,0,6,1
Italy v Mexico,0,7,0,6,1
Belgium v Russia,1,8,0,12,0
Belgium v Russia,1,8,0,12,0
Japan v Tunisia,2,2,0,6,0
Poland v United States,2,5,0,6,0
Portugal v South Korea,-1,8,2,4,0
Germany v Paraguay,1,5,1,6,0
Denmark v England,-3,2,0,5,0
Senegal v Sweden,1,2,0,4,0
Republic of Ireland v Spain,0,3,0,6,0
Mexico v United States,-2,10,1,6,0
Belgium v Brazil,-2,6,0,9,0
Belgium v Brazil,-2,6,0,9,0
Japan v Turkey,-1,4,0,6,0
Italy v South Korea,-1,16,1,9,1
Italy v South Korea,-1,16,1,9,1
Brazil v England,1,2,1,4,0
Brazil v England,1,2,1,4,0
Brazil v England,1,2,1,4,0
Brazil v England,1,2,1,4,0
Germany v United States,1,12,0,12,0
Germany v United States,1,12,0,12,0
Germany v United States,1,12,0,12,0
South Korea v Spain,0,7,1,10,0
South Korea v Spain,0,7,1,10,0
South Korea v Spain,0,7,1,10,0
Senegal v Turkey,-1,4,0,2,0
Germany v South Korea,1,7,0,11,0
Germany v South Korea,1,7,0,11,0
Germany v South Korea,1,7,0,11,0
Brazil v Turkey,1,9,2,12,0
Brazil v Turkey,1,9,2,12,0
South Korea v Turkey,-1,3,0,6,0
South Korea v Turkey,-1,3,0,6,0
Brazil v Germany,2,2,0,5,0
Brazil v Germany,2,2,0,5,0
Costa Rica v Germany,-2,1,0,6,0
Ecuador v Poland,2,3,0,6,0
England v Paraguay,1,6,0,8,0
England v Paraguay,1,6,0,8,0
Sweden v Trinidad and Tobago,0,5,1,5,0
Argentina v Ivory Coast,1,5,0,6,0
Netherlands v Serbia and Montenegro,1,6,0,6,0
Iran v Mexico,-2,3,0,5,0
Angola v Portugal,-1,5,0,6,0
Australia v Japan,2,7,0,6,0
Czech Republic v United States,3,6,0,6,0
Ghana v Italy,-2,5,0,6,1
South Korea v Togo,1,7,1,6,0
France v Switzerland,0,8,0,5,0
France v Switzerland,0,8,0,5,0
Brazil v Croatia,1,8,0,8,0
Brazil v Croatia,1,8,0,8,0
Spain v Ukraine,4,2,1,6,0
Saudi Arabia v Tunisia,0,4,0,6,0
Germany v Poland,1,8,1,6,0
Costa Rica v Ecuador,-3,5,0,6,0
England v Trinidad and Tobago,2,6,0,5,0
Paraguay v Sweden,-1,8,0,6,0
Paraguay v Sweden,-1,8,0,6,0
Argentina v Serbia and Montenegro,6,4,1,6,0
Ivory Coast v Netherlands,-1,7,0,6,0
Angola v Mexico,0,7,1,6,0
Iran v Portugal,-2,7,0,6,0
Iran v Portugal,-2,7,0,6,0
Czech Republic v Ghana,-2,7,1,6,0
Italy v United States,0,7,3,8,1
Italy v United States,0,7,3,8,1
Italy v United States,0,7,3,8,1
Croatia v Japan,0,10,0,12,0
Croatia v Japan,0,10,0,12,0
Australia v Brazil,-2,5,0,6,0
France v South Korea,0,4,0,6,0
Switzerland v Togo,2,4,0,6,0
Saudi Arabia v Ukraine,-4,6,0,6,0
Spain v Tunisia,2,8,0,6,0
Costa Rica v Poland,-1,10,0,6,0
Ecuador v Germany,-3,2,0,6,0
Paraguay v Trinidad and Tobago,2,4,0,6,0
England v Sweden,0,6,0,12,0
England v Sweden,0,6,0,12,0
England v Sweden,0,6,0,12,0
Angola v Iran,0,6,0,6,0
Mexico v Portugal,-1,10,1,6,0
Ivory Coast v Serbia and Montenegro,1,11,2,4,0
Argentina v Netherlands,0,18,2,18,0
Argentina v Netherlands,0,18,2,18,0
Argentina v Netherlands,0,18,2,18,0
Argentina v Netherlands,0,18,2,18,0
Argentina v Netherlands,0,18,2,18,0
Czech Republic v Italy,-2,4,1,6,1
Ghana v United States,1,7,0,12,0
Ghana v United States,1,7,0,12,0
Ghana v United States,1,7,0,12,0
Australia v Croatia,0,11,3,6,0
Brazil v Japan,3,2,0,6,0
Saudi Arabia v Spain,-1,5,0,6,0
Tunisia v Ukraine,-1,9,1,6,0
South Korea v Switzerland,-2,10,0,5,0
France v Togo,2,4,0,5,0
Germany v Sweden,2,11,2,12,0
Germany v Sweden,2,11,2,12,0
Germany v Sweden,2,11,2,12,0
Argentina v Mexico,1,7,0,11,0
Argentina v Mexico,1,7,0,11,0
Argentina v Mexico,1,7,0,11,0
Ecuador v England,-1,6,0,5,0
Netherlands v Portugal,-1,20,4,6,0
Australia v Italy,-1,6,1,4,1
Switzerland v Ukraine,0,1,0,6,0
Brazil v Ghana,3,9,1,5,0
France v Spain,2,4,0,5,0
Argentina v Germany,0,11,0,12,0
Argentina v Germany,0,11,0,12,0
Argentina v Germany,0,11,0,12,0
Italy v Ukraine,3,3,0,6,1
England v Portugal,0,4,1,6,0
England v Portugal,0,4,1,6,0
England v Portugal,0,4,1,6,0
Brazil v France,-1,13,1,15,0
Brazil v France,-1,13,1,15,0
Brazil v France,-1,13,1,15,0
Brazil v France,-1,13,1,15,0
Germany v Italy,-2,3,0,6,1
France v Portugal,1,2,0,6,0
Germany v Portugal,2,6,1,12,0
Germany v Portugal,2,6,1,12,0
France v Italy,0,15,1,18,1
France v Italy,0,15,1,18,1
France v Italy,0,15,1,18,1
France v Italy,0,15,1,18,1
France v Italy,0,15,1,18,1
Mexico v South Africa,0,4,0,5,0
France v Uruguay,0,12,1,12,0
France v Uruguay,0,12,1,12,0
France v Uruguay,0,12,1,12,0
France v Uruguay,0,12,1,12,0
Greece v South Korea,-2,1,0,6,0
Argentina v Nigeria,1,8,0,15,0
Argentina v Nigeria,1,8,0,15,0
Argentina v Nigeria,1,8,0,15,0
Argentina v Nigeria,1,8,0,15,0
Argentina v Nigeria,1,8,0,15,0
England v United States,0,6,0,5,0
England v United States,0,6,0,5,0
Algeria v Slovenia,-1,6,1,6,0
Ghana v Serbia,1,7,1,6,0
Australia v Germany,-4,5,1,6,0
Denmark v Netherlands,-2,3,0,6,0
Cameroon v Japan,-1,2,0,6,0
Italy v Paraguay,0,2,0,6,1
Italy v Paraguay,0,2,0,6,1
New Zealand v Slovakia,0,3,0,5,0
Ivory Coast v Portugal,0,3,0,6,0
Brazil v North Korea,1,1,0,4,0
Chile v Honduras,1,3,0,6,0
Spain v Switzerland,-1,12,0,10,0
Spain v Switzerland,-1,12,0,10,0
Spain v Switzerland,-1,12,0,10,0
South Africa v Uruguay,-3,2,1,5,0
Argentina v South Korea,3,7,0,9,0
Argentina v South Korea,3,7,0,9,0
Greece v Nigeria,1,8,1,9,0
Greece v Nigeria,1,8,1,9,0
France v Mexico,-2,6,0,5,0
France v Mexico,-2,6,0,5,0
France v Mexico,-2,6,0,5,0
France v Mexico,-2,6,0,5,0
Germany v Serbia,-1,10,1,6,0
Slovenia v United States,0,5,0,6,0
Algeria v England,0,2,0,6,0
Japan v Netherlands,-1,1,0,6,0
Australia v Ghana,0,4,1,6,0
Cameroon v Denmark,-1,4,0,6,0
Paraguay v Slovakia,2,4,0,5,0
Italy v New Zealand,0,3,0,6,1
Brazil v Ivory Coast,2,6,1,5,0
North Korea v Portugal,-7,4,0,6,0
North Korea v Portugal,-7,4,0,6,0
Chile v Switzerland,1,9,1,6,0
Chile v Switzerland,1,9,1,6,0
Honduras v Spain,-2,2,0,9,0
Honduras v Spain,-2,2,0,9,0
France v South Africa,-1,5,1,11,0
France v South Africa,-1,5,1,11,0
Mexico v Uruguay,-1,3,0,5,0
Mexico v Uruguay,-1,3,0,5,0
Argentina v Greece,2,2,0,6,0
Argentina v Greece,2,2,0,6,0
Nigeria v South Korea,0,4,0,6,0
England v Slovenia,1,4,0,4,0
Algeria v United States,-1,7,1,6,0
Australia v Serbia,1,5,0,6,0
Germany v Ghana,1,2,0,6,0
Germany v Ghana,1,2,0,6,0
New Zealand v Paraguay,0,3,0,4,0
Italy v Slovakia,-1,8,0,6,1
Cameroon v Netherlands,-1,5,0,6,0
Denmark v Japan,-2,5,0,6,0
Ivory Coast v North Korea,3,0,0,4,0
Brazil v Portugal,0,7,0,6,0
Brazil v Portugal,0,7,0,6,0
Chile v Spain,-1,5,1,5,0
Chile v Spain,-1,5,1,5,0
Chile v Spain,-1,5,1,5,0
Honduras v Switzerland,0,5,0,6,0
Honduras v Switzerland,0,5,0,6,0
South Korea v Uruguay,-1,3,0,5,0
South Korea v Uruguay,-1,3,0,5,0
Ghana v United States,1,5,0,6,0
Ghana v United States,1,5,0,6,0
Ghana v United States,1,5,0,6,0
England v Germany,-3,2,0,6,0
Argentina v Mexico,2,7,0,11,0
Argentina v Mexico,2,7,0,11,0
Argentina v Mexico,2,7,0,11,0
Netherlands v Slovakia,1,5,0,6,0
Brazil v Chile,3,16,0,17,0
Brazil v Chile,3,16,0,17,0
Brazil v Chile,3,16,0,17,0
Brazil v Chile,3,16,0,17,0
Japan v Paraguay,0,5,0,6,0
Portugal v Spain,-1,2,1,6,0
Portugal v Spain,-1,2,1,6,0
Brazil v Netherlands,-1,13,2,10,0
Brazil v Netherlands,-1,13,2,10,0
Brazil v Netherlands,-1,13,2,10,0
Brazil v Netherlands,-1,13,2,10,0
Brazil v Netherlands,-1,13,2,10,0
Ghana v Uruguay,0,6,1,5,0
Argentina v Germany,-4,3,0,5,0
Argentina v Germany,-4,3,0,5,0
Argentina v Germany,-4,3,0,5,0
Paraguay v Spain,-1,6,0,6,0
Paraguay v Spain,-1,6,0,6,0
Paraguay v Spain,-1,6,0,6,0
Netherlands v Uruguay,1,8,1,5,0
Netherlands v Uruguay,1,8,1,5,0
Germany v Spain,-1,4,0,9,0
Germany v Spain,-1,4,0,9,0
Germany v Uruguay,1,4,0,5,0
Netherlands v Spain,-1,15,1,6,0
Netherlands v Spain,-1,15,1,6,0
Brazil v Croatia,2,8,0,8,0
Brazil v Croatia,2,8,0,8,0
Cameroon v Mexico,-1,2,0,5,0
Netherlands v Spain,4,4,0,6,0
Netherlands v Spain,4,4,0,6,0
Australia v Chile,-2,4,0,6,0
Australia v Chile,-2,4,0,6,0
Colombia v Greece,3,3,0,6,0
Costa Rica v Uruguay,2,3,1,6,0
England v Italy,-1,1,0,6,1
England v Italy,-1,1,0,6,1
Ivory Coast v Japan,1,4,0,6,0
Ecuador v Switzerland,-1,2,0,4,0
France v Honduras,3,8,1,6,0
Argentina v Bosnia and Herzegovina,1,2,0,6,0
Germany v Portugal,4,6,1,12,0
Germany v Portugal,4,6,1,12,0
Iran v Nigeria,0,1,0,5,0
Ghana v United States,-1,7,0,12,0
Ghana v United States,-1,7,0,12,0
Ghana v United States,-1,7,0,12,0
Algeria v Belgium,-1,2,0,6,0
Brazil v Mexico,0,10,0,12,0
Brazil v Mexico,0,10,0,12,0
Brazil v Mexico,0,10,0,12,0
Brazil v Mexico,0,10,0,12,0
Brazil v Mexico,0,10,0,12,0
Russia v South Korea,0,4,0,6,0
Australia v Netherlands,-1,2,0,6,0
Chile v Spain,2,3,0,6,0
Chile v Spain,2,3,0,6,0
Chile v Spain,2,3,0,6,0
Cameroon v Croatia,-4,1,1,6,0
Colombia v Ivory Coast,1,2,0,6,0
England v Uruguay,-1,2,0,6,0
England v Uruguay,-1,2,0,6,0
England v Uruguay,-1,2,0,6,0
Greece v Japan,0,6,1,5,0
Costa Rica v Italy,1,2,0,6,1
France v Switzerland,3,1,0,6,0
France v Switzerland,3,1,0,6,0
Ecuador v Honduras,1,5,0,6,0
Argentina v Iran,1,2,0,6,0
Germany v Ghana,0,1,0,6,0
Germany v Ghana,0,1,0,6,0
Bosnia and Herzegovina v Nigeria,-1,2,0,5,0
Belgium v Russia,1,8,0,12,0
Belgium v Russia,1,8,0,12,0
Algeria v South Korea,2,3,0,6,0
Portugal v United States,0,4,0,12,0
Portugal v United States,0,4,0,12,0
Australia v Spain,-3,3,0,6,0
Chile v Netherlands,-2,2,0,6,0
Brazil v Cameroon,3,3,0,6,0
Brazil v Cameroon,3,3,0,6,0
Croatia v Mexico,-2,3,2,11,0
Croatia v Mexico,-2,3,2,11,0
Costa Rica v England,0,3,0,6,0
Italy v Uruguay,-1,9,1,10,1
Italy v Uruguay,-1,9,1,10,1
Italy v Uruguay,-1,9,1,10,1
Colombia v Japan,3,2,0,6,0
Colombia v Japan,3,2,0,6,0
Greece v Ivory Coast,1,3,0,6,0
Bosnia and Herzegovina v Iran,2,2,0,6,0
Argentina v Nigeria,1,7,0,11,0
Argentina v Nigeria,1,7,0,11,0
Argentina v Nigeria,1,7,0,11,0
Argentina v Nigeria,1,7,0,11,0
Argentina v Nigeria,1,7,0,11,0
Honduras v Switzerland,-3,1,0,6,0
Honduras v Switzerland,-3,1,0,6,0
Ecuador v France,0,1,1,6,0
Ghana v Portugal,-1,4,0,6,0
Germany v United States,1,3,0,5,0
Germany v United States,1,3,0,5,0
Germany v United States,1,3,0,5,0
Algeria v Russia,0,4,0,6,0
Belgium v South Korea,1,2,1,6,0
Belgium v South Korea,1,2,1,6,0
Belgium v South Korea,1,2,1,6,0
Brazil v Chile,0,16,0,17,0
Brazil v Chile,0,16,0,17,0
Brazil v Chile,0,16,0,17,0
Brazil v Chile,0,16,0,17,0
Colombia v Uruguay,2,2,0,6,0
Colombia v Uruguay,2,2,0,6,0
Mexico v Netherlands,-1,9,1,11,0
Mexico v Netherlands,-1,9,1,11,0
Costa Rica v Greece,0,8,1,6,0
France v Nigeria,2,1,0,4,0
Algeria v Germany,-1,2,0,6,0
Argentina v Switzerland,1,5,0,6,0
Argentina v Switzerland,1,5,0,6,0
Belgium v United States,1,2,0,6,0
Belgium v United States,1,2,0,6,0
France v Germany,-1,2,0,6,0
Brazil v Colombia,1,4,0,6,0
Argentina v Belgium,1,7,0,9,0
Argentina v Belgium,1,7,0,9,0
Argentina v Belgium,1,7,0,9,0
Costa Rica v Netherlands,0,6,0,6,0
Brazil v Germany,-6,1,0,6,0
Brazil v Germany,-6,1,0,6,0
Argentina v Netherlands,0,18,2,18,0
Argentina v Netherlands,0,18,2,18,0
Argentina v Netherlands,0,18,2,18,0
Argentina v Netherlands,0,18,2,18,0
Argentina v Netherlands,0,18,2,18,0
Brazil v Netherlands,-3,11,0,11,0
Brazil v Netherlands,-3,11,0,11,0
Brazil v Netherlands,-3,11,0,11,0
Brazil v Netherlands,-3,11,0,11,0
Brazil v Netherlands,-3,11,0,11,0
Argentina v Germany,-1,11,0,12,0
Argentina v Germany,-1,11,0,12,0
Argentina v Germany,-1,11,0,12,0
Russia v Saudi Arabia,5,2,0,6,0
Egypt v Uruguay,-1,2,0,6,0
Iran v Morocco,1,4,0,6,0
Portugal v Spain,0,2,0,6,0
Portugal v Spain,0,2,0,6,0
Australia v France,-1,4,0,6,0
Argentina v Iceland,0,0,0,6,0
Denmark v Peru,1,3,0,6,0
Croatia v Nigeria,2,3,0,6,0
Costa Rica v Serbia,-1,4,0,6,0
Germany v Mexico,-1,10,0,12,0
Germany v Mexico,-1,10,0,12,0
Brazil v Switzerland,0,4,0,6,0
Brazil v Switzerland,0,4,0,6,0
South Korea v Sweden,-1,3,0,6,0
Belgium v Panama,3,8,0,6,0
England v Tunisia,1,1,0,6,0
England v Tunisia,1,1,0,6,0
Colombia v Japan,-1,3,1,6,0
Colombia v Japan,-1,3,1,6,0
Poland v Senegal,-1,3,0,6,0
Egypt v Russia,-2,2,0,6,0
Morocco v Portugal,-1,3,0,9,0
Morocco v Portugal,-1,3,0,9,0
Saudi Arabia v Uruguay,-1,0,0,6,0
Iran v Spain,-1,2,0,6,0
Australia v Denmark,0,2,0,5,0
France v Peru,1,4,0,6,0
Argentina v Croatia,-3,14,0,11,0
Argentina v Croatia,-3,14,0,11,0
Brazil v Costa Rica,2,7,0,10,0
Brazil v Costa Rica,2,7,0,10,0
Brazil v Costa Rica,2,7,0,10,0
Iceland v Nigeria,-2,1,0,6,0
Serbia v Switzerland,-1,5,0,5,0
Belgium v Tunisia,3,1,0,6,0
Belgium v Tunisia,3,1,0,6,0
Mexico v South Korea,1,7,1,12,0
Mexico v South Korea,1,7,1,12,0
Germany v Sweden,1,11,2,12,0
Germany v Sweden,1,11,2,12,0
Germany v Sweden,1,11,2,12,0
England v Panama,5,4,0,6,0
Japan v Senegal,0,5,0,6,0
Colombia v Poland,3,2,0,6,0
Egypt v Saudi Arabia,-1,2,0,5,0
Russia v Uruguay,-3,5,1,6,0
Morocco v Spain,0,6,0,6,0
Iran v Portugal,0,6,0,6,0
Iran v Portugal,0,6,0,6,0
Australia v Peru,-2,6,0,6,0
Denmark v France,0,4,0,12,0
Denmark v France,0,4,0,12,0
Denmark v France,0,4,0,12,0
Croatia v Iceland,1,5,0,6,0
Argentina v Nigeria,1,7,0,11,0
Argentina v Nigeria,1,7,0,11,0
Argentina v Nigeria,1,7,0,11,0
Argentina v Nigeria,1,7,0,11,0
Argentina v Nigeria,1,7,0,11,0
Germany v South Korea,-2,4,0,6,0
Germany v South Korea,-2,4,0,6,0
Germany v South Korea,-2,4,0,6,0
Mexico v Sweden,-3,5,0,6,0
Mexico v Sweden,-3,5,0,6,0
Brazil v Serbia,2,3,0,6,0
Costa Rica v Switzerland,0,6,0,6,0
Japan v Poland,-1,1,0,5,0
Colombia v Senegal,1,2,0,6,0
Belgium v England,1,3,0,8,0
Belgium v England,1,3,0,8,0
Belgium v England,1,3,0,8,0
Belgium v England,1,3,0,8,0
Panama v Tunisia,-1,6,0,6,0
Argentina v France,-1,8,0,6,0
Argentina v France,-1,8,0,6,0
Argentina v France,-1,8,0,6,0
Portugal v Uruguay,-1,1,0,6,0
Russia v Spain,0,3,0,8,0
Croatia v Denmark,0,1,0,8,0
Brazil v Mexico,2,10,0,12,0
Brazil v Mexico,2,10,0,12,0
Brazil v Mexico,2,10,0,12,0
Brazil v Mexico,2,10,0,12,0
Brazil v Mexico,2,10,0,12,0
Belgium v Japan,1,1,0,4,0
Belgium v Japan,1,1,0,4,0
Sweden v Switzerland,1,3,1,5,0
Colombia v England,0,13,0,14,0
Colombia v England,0,13,0,14,0
France v Uruguay,2,12,1,12,0
France v Uruguay,2,12,1,12,0
France v Uruguay,2,12,1,12,0
France v Uruguay,2,12,1,12,0
Belgium v Brazil,1,6,0,9,0
Belgium v Brazil,1,6,0,9,0
England v Sweden,2,6,0,12,0
England v Sweden,2,6,0,12,0
England v Sweden,2,6,0,12,0
Croatia v Russia,0,5,0,8,0
Belgium v France,-1,5,0,5,0
Belgium v France,-1,5,0,5,0
Belgium v France,-1,5,0,5,0
Croatia v England,1,3,0,8,0
Belgium v England,2,3,0,6,0
Belgium v England,2,3,0,6,0
Belgium v England,2,3,0,6,0
Belgium v England,2,3,0,6,0
Croatia v France,-2,6,1,10,0
Croatia v France,-2,6,1,10,0
